"Tipo";"Ação Orçamentária";"Linguagem Cidadã";"Tipo de Favorecido";"UF";"Município";"Valor Transferido";
"Legais, Voluntárias e Específicas";"1N08 - APOIO A IMPLANTACAO, AMPLIACAO OU MELHORIAS DE SISTEMAS DE ESGOTAMENTO SANITARIO EM MUNICIPIOS COM POPULACAO SUPERIOR A 50 MIL HABITANTES OU MUNICIPIOS INTEGRANTES DE REGIOES METROPOLITANAS OU DE REGIOES INTEGRADAS DE DE";"Sem informação";"Administração Pública Municipal";"GO";"CALDAS NOVAS";"R$ 1.037,96";
"Legais, Voluntárias e Específicas";"1P95 - APOIO A ELABORACAO DE PLANOS E PROJETOS DE SANEAMENTO EM MUNICIPIOS COM POPULACAO SUPERIOR A 50 MIL HABITANTES OU INTEGRANTES DE REGIOES METROPOLITANAS OU DE REGIOES INTEGRADAS DE DESENVOLVIMENTO";"Sem informação";"Administração Pública Municipal";"MG";"TRÊS PONTAS";"R$ 8.580,00";
"Legais, Voluntárias e Específicas";"10SG - APOIO A SISTEMAS DE DRENAGEM URBANA SUSTENTAVEL E DE MANEJO DE AGUAS PLUVIAIS EM MUNICIPIOS CRITICOS SUJEITOS A EVENTOS RECORRENTES DE INUNDACOES, ENXURRADAS E ALAGAMENTOS";"Sem informação";"Administração Pública Estadual ou do Distrito Federal";"PR";"Não se aplica";"R$ 12.065,74";
"Legais, Voluntárias e Específicas";"1N08 - APOIO A IMPLANTACAO, AMPLIACAO OU MELHORIAS DE SISTEMAS DE ESGOTAMENTO SANITARIO EM MUNICIPIOS COM POPULACAO SUPERIOR A 50 MIL HABITANTES OU MUNICIPIOS INTEGRANTES DE REGIOES METROPOLITANAS OU DE REGIOES INTEGRADAS DE DE";"Sem informação";"Administração Pública Municipal";"BA";"JUAZEIRO";"R$ 13.399,24";
"Legais, Voluntárias e Específicas";"1P95 - APOIO A ELABORACAO DE PLANOS E PROJETOS DE SANEAMENTO EM MUNICIPIOS COM POPULACAO SUPERIOR A 50 MIL HABITANTES OU INTEGRANTES DE REGIOES METROPOLITANAS OU DE REGIOES INTEGRADAS DE DESENVOLVIMENTO";"Sem informação";"Administração Pública Municipal";"RS";"TAQUARA";"R$ 14.843,00";
"Legais, Voluntárias e Específicas";"1N08 - APOIO A IMPLANTACAO, AMPLIACAO OU MELHORIAS DE SISTEMAS DE ESGOTAMENTO SANITARIO EM MUNICIPIOS COM POPULACAO SUPERIOR A 50 MIL HABITANTES OU MUNICIPIOS INTEGRANTES DE REGIOES METROPOLITANAS OU DE REGIOES INTEGRADAS DE DE";"Sem informação";"Administração Pública Municipal";"RJ";"NILÓPOLIS";"R$ 16.658,65";
"Legais, Voluntárias e Específicas";"1P95 - APOIO A ELABORACAO DE PLANOS E PROJETOS DE SANEAMENTO EM MUNICIPIOS COM POPULACAO SUPERIOR A 50 MIL HABITANTES OU INTEGRANTES DE REGIOES METROPOLITANAS OU DE REGIOES INTEGRADAS DE DESENVOLVIMENTO";"Sem informação";"Administração Pública Municipal";"MA";"AÇAILÂNDIA";"R$ 21.000,00";
"Legais, Voluntárias e Específicas";"1P95 - APOIO A ELABORACAO DE PLANOS E PROJETOS DE SANEAMENTO EM MUNICIPIOS COM POPULACAO SUPERIOR A 50 MIL HABITANTES OU INTEGRANTES DE REGIOES METROPOLITANAS OU DE REGIOES INTEGRADAS DE DESENVOLVIMENTO";"Sem informação";"Administração Pública Municipal";"SC";"JOINVILLE";"R$ 21.573,10";
"Legais, Voluntárias e Específicas";"1P95 - APOIO A ELABORACAO DE PLANOS E PROJETOS DE SANEAMENTO EM MUNICIPIOS COM POPULACAO SUPERIOR A 50 MIL HABITANTES OU INTEGRANTES DE REGIOES METROPOLITANAS OU DE REGIOES INTEGRADAS DE DESENVOLVIMENTO";"Sem informação";"Administração Pública Municipal";"GO";"CRISTALINA";"R$ 23.957,49";
"Legais, Voluntárias e Específicas";"10SC - APOIO A IMPLANTACAO, AMPLIACAO OU MELHORIAS EM SISTEMAS DE ABASTECIMENTO DE AGUA EM MUNICIPIOS COM POPULACAO SUPERIOR A 50 MIL HABITANTES OU MUNICIPIOS INTEGRANTES DE REGIOES METROPOLITANAS OU DE REGIOES INTEGRADAS DE DE";"Sem informação";"Administração Pública Municipal";"PA";"SANTARÉM";"R$ 24.207,05";
"Legais, Voluntárias e Específicas";"1P95 - APOIO A ELABORACAO DE PLANOS E PROJETOS DE SANEAMENTO EM MUNICIPIOS COM POPULACAO SUPERIOR A 50 MIL HABITANTES OU INTEGRANTES DE REGIOES METROPOLITANAS OU DE REGIOES INTEGRADAS DE DESENVOLVIMENTO";"Sem informação";"Administração Pública Municipal";"CE";"BOA VIAGEM";"R$ 25.000,00";
"Legais, Voluntárias e Específicas";"1P95 - APOIO A ELABORACAO DE PLANOS E PROJETOS DE SANEAMENTO EM MUNICIPIOS COM POPULACAO SUPERIOR A 50 MIL HABITANTES OU INTEGRANTES DE REGIOES METROPOLITANAS OU DE REGIOES INTEGRADAS DE DESENVOLVIMENTO";"Sem informação";"Administração Pública Municipal";"MG";"ALFENAS";"R$ 29.688,29";
"Legais, Voluntárias e Específicas";"1P95 - APOIO A ELABORACAO DE PLANOS E PROJETOS DE SANEAMENTO EM MUNICIPIOS COM POPULACAO SUPERIOR A 50 MIL HABITANTES OU INTEGRANTES DE REGIOES METROPOLITANAS OU DE REGIOES INTEGRADAS DE DESENVOLVIMENTO";"Sem informação";"Administração Pública Municipal";"SC";"CRICIÚMA";"R$ 30.281,15";
"Legais, Voluntárias e Específicas";"10SC - APOIO A IMPLANTACAO, AMPLIACAO OU MELHORIAS EM SISTEMAS DE ABASTECIMENTO DE AGUA EM MUNICIPIOS COM POPULACAO SUPERIOR A 50 MIL HABITANTES OU MUNICIPIOS INTEGRANTES DE REGIOES METROPOLITANAS OU DE REGIOES INTEGRADAS DE DE";"Sem informação";"Administração Pública Municipal";"SP";"MOGI DAS CRUZES";"R$ 31.983,82";
"Legais, Voluntárias e Específicas";"1P95 - APOIO A ELABORACAO DE PLANOS E PROJETOS DE SANEAMENTO EM MUNICIPIOS COM POPULACAO SUPERIOR A 50 MIL HABITANTES OU INTEGRANTES DE REGIOES METROPOLITANAS OU DE REGIOES INTEGRADAS DE DESENVOLVIMENTO";"Sem informação";"Administração Pública Municipal";"SC";"BLUMENAU";"R$ 33.122,97";
"Legais, Voluntárias e Específicas";"10SC - APOIO A IMPLANTACAO, AMPLIACAO OU MELHORIAS EM SISTEMAS DE ABASTECIMENTO DE AGUA EM MUNICIPIOS COM POPULACAO SUPERIOR A 50 MIL HABITANTES OU MUNICIPIOS INTEGRANTES DE REGIOES METROPOLITANAS OU DE REGIOES INTEGRADAS DE DE";"Sem informação";"Administração Pública Municipal";"RJ";"VOLTA REDONDA";"R$ 35.341,97";
"Legais, Voluntárias e Específicas";"1P95 - APOIO A ELABORACAO DE PLANOS E PROJETOS DE SANEAMENTO EM MUNICIPIOS COM POPULACAO SUPERIOR A 50 MIL HABITANTES OU INTEGRANTES DE REGIOES METROPOLITANAS OU DE REGIOES INTEGRADAS DE DESENVOLVIMENTO";"Sem informação";"Administração Pública Municipal";"PA";"SÃO FÉLIX DO XINGU";"R$ 40.950,00";
"Legais, Voluntárias e Específicas";"10SG - APOIO A SISTEMAS DE DRENAGEM URBANA SUSTENTAVEL E DE MANEJO DE AGUAS PLUVIAIS EM MUNICIPIOS CRITICOS SUJEITOS A EVENTOS RECORRENTES DE INUNDACOES, ENXURRADAS E ALAGAMENTOS";"Sem informação";"Administração Pública Municipal";"MG";"PASSOS";"R$ 45.574,32";
"Legais, Voluntárias e Específicas";"10SG - APOIO A SISTEMAS DE DRENAGEM URBANA SUSTENTAVEL E DE MANEJO DE AGUAS PLUVIAIS EM MUNICIPIOS CRITICOS SUJEITOS A EVENTOS RECORRENTES DE INUNDACOES, ENXURRADAS E ALAGAMENTOS";"Sem informação";"Administração Pública Municipal";"RS";"TAQUARA";"R$ 48.180,76";
"Legais, Voluntárias e Específicas";"10S5 - APOIO A EMPREENDIMENTOS DE SANEAMENTO INTEGRADO EM MUNICIPIOS COM POPULACAO SUPERIOR A 50 MIL HABITANTES OU MUNICIPIOS INTEGRANTES DE REGIOES METROPOLITANAS OU DE REGIOES INTEGRADAS DE DESENVOLVIMENTO";"Sem informação";"Administração Pública Municipal";"SP";"ITANHAÉM";"R$ 49.170,00";
"Legais, Voluntárias e Específicas";"10SC - APOIO A IMPLANTACAO, AMPLIACAO OU MELHORIAS EM SISTEMAS DE ABASTECIMENTO DE AGUA EM MUNICIPIOS COM POPULACAO SUPERIOR A 50 MIL HABITANTES OU MUNICIPIOS INTEGRANTES DE REGIOES METROPOLITANAS OU DE REGIOES INTEGRADAS DE DE";"Sem informação";"Administração Pública Municipal";"SP";"SANTO ANTÔNIO DE POSSE";"R$ 53.451,64";
"Legais, Voluntárias e Específicas";"1P95 - APOIO A ELABORACAO DE PLANOS E PROJETOS DE SANEAMENTO EM MUNICIPIOS COM POPULACAO SUPERIOR A 50 MIL HABITANTES OU INTEGRANTES DE REGIOES METROPOLITANAS OU DE REGIOES INTEGRADAS DE DESENVOLVIMENTO";"Sem informação";"Administração Pública Municipal";"BA";"IRECÊ";"R$ 61.437,94";
"Legais, Voluntárias e Específicas";"10SC - APOIO A IMPLANTACAO, AMPLIACAO OU MELHORIAS EM SISTEMAS DE ABASTECIMENTO DE AGUA EM MUNICIPIOS COM POPULACAO SUPERIOR A 50 MIL HABITANTES OU MUNICIPIOS INTEGRANTES DE REGIOES METROPOLITANAS OU DE REGIOES INTEGRADAS DE DE";"Sem informação";"Administração Pública Municipal";"MG";"UBERABA";"R$ 66.472,94";
"Legais, Voluntárias e Específicas";"1P95 - APOIO A ELABORACAO DE PLANOS E PROJETOS DE SANEAMENTO EM MUNICIPIOS COM POPULACAO SUPERIOR A 50 MIL HABITANTES OU INTEGRANTES DE REGIOES METROPOLITANAS OU DE REGIOES INTEGRADAS DE DESENVOLVIMENTO";"Sem informação";"Administração Pública Municipal";"CE";"SOBRAL";"R$ 71.131,82";
"Legais, Voluntárias e Específicas";"1P95 - APOIO A ELABORACAO DE PLANOS E PROJETOS DE SANEAMENTO EM MUNICIPIOS COM POPULACAO SUPERIOR A 50 MIL HABITANTES OU INTEGRANTES DE REGIOES METROPOLITANAS OU DE REGIOES INTEGRADAS DE DESENVOLVIMENTO";"Sem informação";"Administração Pública Municipal";"MG";"MURIAÉ";"R$ 76.912,67";
"Legais, Voluntárias e Específicas";"1P95 - APOIO A ELABORACAO DE PLANOS E PROJETOS DE SANEAMENTO EM MUNICIPIOS COM POPULACAO SUPERIOR A 50 MIL HABITANTES OU INTEGRANTES DE REGIOES METROPOLITANAS OU DE REGIOES INTEGRADAS DE DESENVOLVIMENTO";"Sem informação";"Administração Pública Municipal";"MG";"JUIZ DE FORA";"R$ 77.206,01";
"Legais, Voluntárias e Específicas";"1P95 - APOIO A ELABORACAO DE PLANOS E PROJETOS DE SANEAMENTO EM MUNICIPIOS COM POPULACAO SUPERIOR A 50 MIL HABITANTES OU INTEGRANTES DE REGIOES METROPOLITANAS OU DE REGIOES INTEGRADAS DE DESENVOLVIMENTO";"Sem informação";"Administração Pública Municipal";"RS";"SANTA ROSA";"R$ 77.990,54";
"Legais, Voluntárias e Específicas";"10SG - APOIO A SISTEMAS DE DRENAGEM URBANA SUSTENTAVEL E DE MANEJO DE AGUAS PLUVIAIS EM MUNICIPIOS CRITICOS SUJEITOS A EVENTOS RECORRENTES DE INUNDACOES, ENXURRADAS E ALAGAMENTOS";"Sem informação";"Administração Pública Municipal";"SP";"CARAPICUÍBA";"R$ 78.526,92";
"Legais, Voluntárias e Específicas";"10SC - APOIO A IMPLANTACAO, AMPLIACAO OU MELHORIAS EM SISTEMAS DE ABASTECIMENTO DE AGUA EM MUNICIPIOS COM POPULACAO SUPERIOR A 50 MIL HABITANTES OU MUNICIPIOS INTEGRANTES DE REGIOES METROPOLITANAS OU DE REGIOES INTEGRADAS DE DE";"Sem informação";"Administração Pública Estadual ou do Distrito Federal";"DF";"Não se aplica";"R$ 78.991,89";
"Legais, Voluntárias e Específicas";"1P95 - APOIO A ELABORACAO DE PLANOS E PROJETOS DE SANEAMENTO EM MUNICIPIOS COM POPULACAO SUPERIOR A 50 MIL HABITANTES OU INTEGRANTES DE REGIOES METROPOLITANAS OU DE REGIOES INTEGRADAS DE DESENVOLVIMENTO";"Sem informação";"Administração Pública";"MG";"ITAJUBÁ";"R$ 89.591,57";
"Legais, Voluntárias e Específicas";"1P95 - APOIO A ELABORACAO DE PLANOS E PROJETOS DE SANEAMENTO EM MUNICIPIOS COM POPULACAO SUPERIOR A 50 MIL HABITANTES OU INTEGRANTES DE REGIOES METROPOLITANAS OU DE REGIOES INTEGRADAS DE DESENVOLVIMENTO";"Sem informação";"Administração Pública Estadual ou do Distrito Federal";"PB";"Não se aplica";"R$ 90.222,55";
"Legais, Voluntárias e Específicas";"1P95 - APOIO A ELABORACAO DE PLANOS E PROJETOS DE SANEAMENTO EM MUNICIPIOS COM POPULACAO SUPERIOR A 50 MIL HABITANTES OU INTEGRANTES DE REGIOES METROPOLITANAS OU DE REGIOES INTEGRADAS DE DESENVOLVIMENTO";"Sem informação";"Administração Pública Municipal";"RS";"RIO GRANDE";"R$ 119.246,04";
"Legais, Voluntárias e Específicas";"10S5 - APOIO A EMPREENDIMENTOS DE SANEAMENTO INTEGRADO EM MUNICIPIOS COM POPULACAO SUPERIOR A 50 MIL HABITANTES OU MUNICIPIOS INTEGRANTES DE REGIOES METROPOLITANAS OU DE REGIOES INTEGRADAS DE DESENVOLVIMENTO";"Sem informação";"Administração Pública Municipal";"MG";"CONTAGEM";"R$ 125.866,37";
"Legais, Voluntárias e Específicas";"1P95 - APOIO A ELABORACAO DE PLANOS E PROJETOS DE SANEAMENTO EM MUNICIPIOS COM POPULACAO SUPERIOR A 50 MIL HABITANTES OU INTEGRANTES DE REGIOES METROPOLITANAS OU DE REGIOES INTEGRADAS DE DESENVOLVIMENTO";"Sem informação";"Administração Pública Estadual ou do Distrito Federal";"PI";"Não se aplica";"R$ 130.396,41";
"Legais, Voluntárias e Específicas";"1P95 - APOIO A ELABORACAO DE PLANOS E PROJETOS DE SANEAMENTO EM MUNICIPIOS COM POPULACAO SUPERIOR A 50 MIL HABITANTES OU INTEGRANTES DE REGIOES METROPOLITANAS OU DE REGIOES INTEGRADAS DE DESENVOLVIMENTO";"Sem informação";"Administração Pública Municipal";"PR";"CURITIBA";"R$ 133.061,14";
"Legais, Voluntárias e Específicas";"1P95 - APOIO A ELABORACAO DE PLANOS E PROJETOS DE SANEAMENTO EM MUNICIPIOS COM POPULACAO SUPERIOR A 50 MIL HABITANTES OU INTEGRANTES DE REGIOES METROPOLITANAS OU DE REGIOES INTEGRADAS DE DESENVOLVIMENTO";"Sem informação";"Administração Pública Municipal";"RJ";"MESQUITA";"R$ 134.588,86";
"Legais, Voluntárias e Específicas";"1P95 - APOIO A ELABORACAO DE PLANOS E PROJETOS DE SANEAMENTO EM MUNICIPIOS COM POPULACAO SUPERIOR A 50 MIL HABITANTES OU INTEGRANTES DE REGIOES METROPOLITANAS OU DE REGIOES INTEGRADAS DE DESENVOLVIMENTO";"Sem informação";"Administração Pública Estadual ou do Distrito Federal";"RJ";"Não se aplica";"R$ 137.259,05";
"Legais, Voluntárias e Específicas";"1N08 - APOIO A IMPLANTACAO, AMPLIACAO OU MELHORIAS DE SISTEMAS DE ESGOTAMENTO SANITARIO EM MUNICIPIOS COM POPULACAO SUPERIOR A 50 MIL HABITANTES OU MUNICIPIOS INTEGRANTES DE REGIOES METROPOLITANAS OU DE REGIOES INTEGRADAS DE DE";"Sem informação";"Administração Pública Municipal";"PI";"TERESINA";"R$ 145.007,18";
"Legais, Voluntárias e Específicas";"10SG - APOIO A SISTEMAS DE DRENAGEM URBANA SUSTENTAVEL E DE MANEJO DE AGUAS PLUVIAIS EM MUNICIPIOS CRITICOS SUJEITOS A EVENTOS RECORRENTES DE INUNDACOES, ENXURRADAS E ALAGAMENTOS";"Sem informação";"Administração Pública Municipal";"PR";"IRATI";"R$ 147.650,00";
"Legais, Voluntárias e Específicas";"1P95 - APOIO A ELABORACAO DE PLANOS E PROJETOS DE SANEAMENTO EM MUNICIPIOS COM POPULACAO SUPERIOR A 50 MIL HABITANTES OU INTEGRANTES DE REGIOES METROPOLITANAS OU DE REGIOES INTEGRADAS DE DESENVOLVIMENTO";"Sem informação";"Administração Pública Municipal";"MG";"ITABIRA";"R$ 150.000,00";
"Legais, Voluntárias e Específicas";"10S5 - APOIO A EMPREENDIMENTOS DE SANEAMENTO INTEGRADO EM MUNICIPIOS COM POPULACAO SUPERIOR A 50 MIL HABITANTES OU MUNICIPIOS INTEGRANTES DE REGIOES METROPOLITANAS OU DE REGIOES INTEGRADAS DE DESENVOLVIMENTO";"Sem informação";"Administração Pública Municipal";"BA";"SALVADOR";"R$ 152.165,67";
"Legais, Voluntárias e Específicas";"10SC - APOIO A IMPLANTACAO, AMPLIACAO OU MELHORIAS EM SISTEMAS DE ABASTECIMENTO DE AGUA EM MUNICIPIOS COM POPULACAO SUPERIOR A 50 MIL HABITANTES OU MUNICIPIOS INTEGRANTES DE REGIOES METROPOLITANAS OU DE REGIOES INTEGRADAS DE DE";"Sem informação";"Administração Pública";"SP";"SALTO";"R$ 152.368,53";
"Legais, Voluntárias e Específicas";"1P95 - APOIO A ELABORACAO DE PLANOS E PROJETOS DE SANEAMENTO EM MUNICIPIOS COM POPULACAO SUPERIOR A 50 MIL HABITANTES OU INTEGRANTES DE REGIOES METROPOLITANAS OU DE REGIOES INTEGRADAS DE DESENVOLVIMENTO";"Sem informação";"Administração Pública Municipal";"MG";"PASSOS";"R$ 153.895,33";
"Legais, Voluntárias e Específicas";"1P95 - APOIO A ELABORACAO DE PLANOS E PROJETOS DE SANEAMENTO EM MUNICIPIOS COM POPULACAO SUPERIOR A 50 MIL HABITANTES OU INTEGRANTES DE REGIOES METROPOLITANAS OU DE REGIOES INTEGRADAS DE DESENVOLVIMENTO";"Sem informação";"Administração Pública Municipal";"AL";"CORURIPE";"R$ 154.086,88";
"Legais, Voluntárias e Específicas";"1P95 - APOIO A ELABORACAO DE PLANOS E PROJETOS DE SANEAMENTO EM MUNICIPIOS COM POPULACAO SUPERIOR A 50 MIL HABITANTES OU INTEGRANTES DE REGIOES METROPOLITANAS OU DE REGIOES INTEGRADAS DE DESENVOLVIMENTO";"Sem informação";"Administração Pública Municipal";"SP";"AMERICANA";"R$ 170.866,60";
"Legais, Voluntárias e Específicas";"116I - APOIO A SISTEMAS PUBLICOS DE MANEJO DE RESIDUOS SOLIDOS EM MUNICIPIOS COM POPULACAO SUPERIOR A 50 MIL HABITANTES OU MUNICIPIOS INTEGRANTES DE REGIOES METROPOLITANAS OU DE REGIOES INTEGRADAS DE DESENVOLVIMENTO.";"Sem informação";"Administração Pública Municipal";"PE";"JABOATÃO DOS GUARARAPES";"R$ 188.428,81";
"Legais, Voluntárias e Específicas";"1P95 - APOIO A ELABORACAO DE PLANOS E PROJETOS DE SANEAMENTO EM MUNICIPIOS COM POPULACAO SUPERIOR A 50 MIL HABITANTES OU INTEGRANTES DE REGIOES METROPOLITANAS OU DE REGIOES INTEGRADAS DE DESENVOLVIMENTO";"Sem informação";"Administração Pública Municipal";"MG";"BARBACENA";"R$ 205.776,37";
"Legais, Voluntárias e Específicas";"1N08 - APOIO A IMPLANTACAO, AMPLIACAO OU MELHORIAS DE SISTEMAS DE ESGOTAMENTO SANITARIO EM MUNICIPIOS COM POPULACAO SUPERIOR A 50 MIL HABITANTES OU MUNICIPIOS INTEGRANTES DE REGIOES METROPOLITANAS OU DE REGIOES INTEGRADAS DE DE";"Sem informação";"Administração Pública Municipal";"RO";"CACOAL";"R$ 215.356,45";
"Legais, Voluntárias e Específicas";"1P95 - APOIO A ELABORACAO DE PLANOS E PROJETOS DE SANEAMENTO EM MUNICIPIOS COM POPULACAO SUPERIOR A 50 MIL HABITANTES OU INTEGRANTES DE REGIOES METROPOLITANAS OU DE REGIOES INTEGRADAS DE DESENVOLVIMENTO";"Sem informação";"Administração Pública Municipal";"MT";"CÁCERES";"R$ 225.674,08";
"Legais, Voluntárias e Específicas";"1P95 - APOIO A ELABORACAO DE PLANOS E PROJETOS DE SANEAMENTO EM MUNICIPIOS COM POPULACAO SUPERIOR A 50 MIL HABITANTES OU INTEGRANTES DE REGIOES METROPOLITANAS OU DE REGIOES INTEGRADAS DE DESENVOLVIMENTO";"Sem informação";"Administração Pública Municipal";"RS";"SAPUCAIA DO SUL";"R$ 267.592,07";
"Legais, Voluntárias e Específicas";"1P95 - APOIO A ELABORACAO DE PLANOS E PROJETOS DE SANEAMENTO EM MUNICIPIOS COM POPULACAO SUPERIOR A 50 MIL HABITANTES OU INTEGRANTES DE REGIOES METROPOLITANAS OU DE REGIOES INTEGRADAS DE DESENVOLVIMENTO";"Sem informação";"Administração Pública Estadual ou do Distrito Federal";"PE";"Não se aplica";"R$ 287.841,76";
"Legais, Voluntárias e Específicas";"10SG - APOIO A SISTEMAS DE DRENAGEM URBANA SUSTENTAVEL E DE MANEJO DE AGUAS PLUVIAIS EM MUNICIPIOS CRITICOS SUJEITOS A EVENTOS RECORRENTES DE INUNDACOES, ENXURRADAS E ALAGAMENTOS";"Sem informação";"Administração Pública Municipal";"RS";"SAPUCAIA DO SUL";"R$ 292.604,07";
"Legais, Voluntárias e Específicas";"10SC - APOIO A IMPLANTACAO, AMPLIACAO OU MELHORIAS EM SISTEMAS DE ABASTECIMENTO DE AGUA EM MUNICIPIOS COM POPULACAO SUPERIOR A 50 MIL HABITANTES OU MUNICIPIOS INTEGRANTES DE REGIOES METROPOLITANAS OU DE REGIOES INTEGRADAS DE DE";"Sem informação";"Administração Pública Municipal";"CE";"SOBRAL";"R$ 314.217,29";
"Legais, Voluntárias e Específicas";"1P95 - APOIO A ELABORACAO DE PLANOS E PROJETOS DE SANEAMENTO EM MUNICIPIOS COM POPULACAO SUPERIOR A 50 MIL HABITANTES OU INTEGRANTES DE REGIOES METROPOLITANAS OU DE REGIOES INTEGRADAS DE DESENVOLVIMENTO";"Sem informação";"Administração Pública Municipal";"MA";"CAXIAS";"R$ 317.387,75";
"Legais, Voluntárias e Específicas";"10S5 - APOIO A EMPREENDIMENTOS DE SANEAMENTO INTEGRADO EM MUNICIPIOS COM POPULACAO SUPERIOR A 50 MIL HABITANTES OU MUNICIPIOS INTEGRANTES DE REGIOES METROPOLITANAS OU DE REGIOES INTEGRADAS DE DESENVOLVIMENTO";"Sem informação";"Administração Pública";"SC";"LAGES";"R$ 324.548,68";
"Legais, Voluntárias e Específicas";"1P95 - APOIO A ELABORACAO DE PLANOS E PROJETOS DE SANEAMENTO EM MUNICIPIOS COM POPULACAO SUPERIOR A 50 MIL HABITANTES OU INTEGRANTES DE REGIOES METROPOLITANAS OU DE REGIOES INTEGRADAS DE DESENVOLVIMENTO";"Sem informação";"Administração Pública Estadual ou do Distrito Federal";"PA";"Não se aplica";"R$ 335.738,26";
"Legais, Voluntárias e Específicas";"10S5 - APOIO A EMPREENDIMENTOS DE SANEAMENTO INTEGRADO EM MUNICIPIOS COM POPULACAO SUPERIOR A 50 MIL HABITANTES OU MUNICIPIOS INTEGRANTES DE REGIOES METROPOLITANAS OU DE REGIOES INTEGRADAS DE DESENVOLVIMENTO";"Sem informação";"Administração Pública Municipal";"PA";"ANANINDEUA";"R$ 342.488,16";
"Legais, Voluntárias e Específicas";"1N08 - APOIO A IMPLANTACAO, AMPLIACAO OU MELHORIAS DE SISTEMAS DE ESGOTAMENTO SANITARIO EM MUNICIPIOS COM POPULACAO SUPERIOR A 50 MIL HABITANTES OU MUNICIPIOS INTEGRANTES DE REGIOES METROPOLITANAS OU DE REGIOES INTEGRADAS DE DE";"Sem informação";"Administração Pública Municipal";"MG";"BARBACENA";"R$ 347.331,25";
"Legais, Voluntárias e Específicas";"1N08 - APOIO A IMPLANTACAO, AMPLIACAO OU MELHORIAS DE SISTEMAS DE ESGOTAMENTO SANITARIO EM MUNICIPIOS COM POPULACAO SUPERIOR A 50 MIL HABITANTES OU MUNICIPIOS INTEGRANTES DE REGIOES METROPOLITANAS OU DE REGIOES INTEGRADAS DE DE";"Sem informação";"Administração Pública Municipal";"MT";"VÁRZEA GRANDE";"R$ 358.041,59";
"Legais, Voluntárias e Específicas";"10SG - APOIO A SISTEMAS DE DRENAGEM URBANA SUSTENTAVEL E DE MANEJO DE AGUAS PLUVIAIS EM MUNICIPIOS CRITICOS SUJEITOS A EVENTOS RECORRENTES DE INUNDACOES, ENXURRADAS E ALAGAMENTOS";"Sem informação";"Administração Pública Municipal";"MG";"IGARAPÉ";"R$ 359.212,92";
"Legais, Voluntárias e Específicas";"10SG - APOIO A SISTEMAS DE DRENAGEM URBANA SUSTENTAVEL E DE MANEJO DE AGUAS PLUVIAIS EM MUNICIPIOS CRITICOS SUJEITOS A EVENTOS RECORRENTES DE INUNDACOES, ENXURRADAS E ALAGAMENTOS";"Sem informação";"Administração Pública Municipal";"SP";"SOROCABA";"R$ 386.508,38";
"Legais, Voluntárias e Específicas";"10SC - APOIO A IMPLANTACAO, AMPLIACAO OU MELHORIAS EM SISTEMAS DE ABASTECIMENTO DE AGUA EM MUNICIPIOS COM POPULACAO SUPERIOR A 50 MIL HABITANTES OU MUNICIPIOS INTEGRANTES DE REGIOES METROPOLITANAS OU DE REGIOES INTEGRADAS DE DE";"Sem informação";"Administração Pública Municipal";"SP";"MOGI GUAÇU";"R$ 394.014,22";
"Legais, Voluntárias e Específicas";"10RM - IMPLANTACAO, AMPLIACAO, MELHORIA OU ADEQUACAO DE SISTEMAS DE ESGOTAMENTO SANITARIO NA AREA DE ATUACAO DA CODEVASF";"Saneamento Público";"Administração Pública Municipal";"MA";"NOVA IORQUE";"R$ 396.900,00";
"Legais, Voluntárias e Específicas";"10S5 - APOIO A EMPREENDIMENTOS DE SANEAMENTO INTEGRADO EM MUNICIPIOS COM POPULACAO SUPERIOR A 50 MIL HABITANTES OU MUNICIPIOS INTEGRANTES DE REGIOES METROPOLITANAS OU DE REGIOES INTEGRADAS DE DESENVOLVIMENTO";"Sem informação";"Administração Pública Estadual ou do Distrito Federal";"MG";"Não se aplica";"R$ 405.034,08";
"Legais, Voluntárias e Específicas";"10SC - APOIO A IMPLANTACAO, AMPLIACAO OU MELHORIAS EM SISTEMAS DE ABASTECIMENTO DE AGUA EM MUNICIPIOS COM POPULACAO SUPERIOR A 50 MIL HABITANTES OU MUNICIPIOS INTEGRANTES DE REGIOES METROPOLITANAS OU DE REGIOES INTEGRADAS DE DE";"Sem informação";"Administração Pública Municipal";"SP";"NOVA ODESSA";"R$ 407.183,86";
"Legais, Voluntárias e Específicas";"10SC - APOIO A IMPLANTACAO, AMPLIACAO OU MELHORIAS EM SISTEMAS DE ABASTECIMENTO DE AGUA EM MUNICIPIOS COM POPULACAO SUPERIOR A 50 MIL HABITANTES OU MUNICIPIOS INTEGRANTES DE REGIOES METROPOLITANAS OU DE REGIOES INTEGRADAS DE DE";"Sem informação";"Administração Pública Municipal";"RO";"CACOAL";"R$ 429.972,44";
"Legais, Voluntárias e Específicas";"10SG - APOIO A SISTEMAS DE DRENAGEM URBANA SUSTENTAVEL E DE MANEJO DE AGUAS PLUVIAIS EM MUNICIPIOS CRITICOS SUJEITOS A EVENTOS RECORRENTES DE INUNDACOES, ENXURRADAS E ALAGAMENTOS";"Sem informação";"Administração Pública Municipal";"MG";"TEÓFILO OTONI";"R$ 447.098,00";
"Legais, Voluntárias e Específicas";"10SC - APOIO A IMPLANTACAO, AMPLIACAO OU MELHORIAS EM SISTEMAS DE ABASTECIMENTO DE AGUA EM MUNICIPIOS COM POPULACAO SUPERIOR A 50 MIL HABITANTES OU MUNICIPIOS INTEGRANTES DE REGIOES METROPOLITANAS OU DE REGIOES INTEGRADAS DE DE";"Sem informação";"Administração Pública Municipal";"SP";"SANTA BÁRBARA D'OESTE";"R$ 457.683,07";
"Legais, Voluntárias e Específicas";"1N08 - APOIO A IMPLANTACAO, AMPLIACAO OU MELHORIAS DE SISTEMAS DE ESGOTAMENTO SANITARIO EM MUNICIPIOS COM POPULACAO SUPERIOR A 50 MIL HABITANTES OU MUNICIPIOS INTEGRANTES DE REGIOES METROPOLITANAS OU DE REGIOES INTEGRADAS DE DE";"Sem informação";"Administração Pública Municipal";"SP";"ARTUR NOGUEIRA";"R$ 461.594,15";
"Legais, Voluntárias e Específicas";"1P95 - APOIO A ELABORACAO DE PLANOS E PROJETOS DE SANEAMENTO EM MUNICIPIOS COM POPULACAO SUPERIOR A 50 MIL HABITANTES OU INTEGRANTES DE REGIOES METROPOLITANAS OU DE REGIOES INTEGRADAS DE DESENVOLVIMENTO";"Sem informação";"Administração Pública Estadual ou do Distrito Federal";"RO";"Não se aplica";"R$ 462.733,22";
"Legais, Voluntárias e Específicas";"116I - APOIO A SISTEMAS PUBLICOS DE MANEJO DE RESIDUOS SOLIDOS EM MUNICIPIOS COM POPULACAO SUPERIOR A 50 MIL HABITANTES OU MUNICIPIOS INTEGRANTES DE REGIOES METROPOLITANAS OU DE REGIOES INTEGRADAS DE DESENVOLVIMENTO";"Sem informação";"Administração Pública Municipal";"MG";"IBIRITÉ";"R$ 467.431,08";
"Legais, Voluntárias e Específicas";"116I - APOIO A SISTEMAS PUBLICOS DE MANEJO DE RESIDUOS SOLIDOS EM MUNICIPIOS COM POPULACAO SUPERIOR A 50 MIL HABITANTES OU MUNICIPIOS INTEGRANTES DE REGIOES METROPOLITANAS OU DE REGIOES INTEGRADAS DE DESENVOLVIMENTO";"Sem informação";"Administração Pública Municipal";"PR";"DOUTOR ULYSSES";"R$ 485.000,00";
"Legais, Voluntárias e Específicas";"1N08 - APOIO A IMPLANTACAO, AMPLIACAO OU MELHORIAS DE SISTEMAS DE ESGOTAMENTO SANITARIO EM MUNICIPIOS COM POPULACAO SUPERIOR A 50 MIL HABITANTES OU MUNICIPIOS INTEGRANTES DE REGIOES METROPOLITANAS OU DE REGIOES INTEGRADAS DE DE";"Sem informação";"Administração Pública Municipal";"MG";"FORMIGA";"R$ 487.303,89";
"Legais, Voluntárias e Específicas";"8871 - APOIO A ELABORACAO, IMPLEMENTACAO E MONITORAMENTO DE PLANOS DE SANEAMENTO BASICO";"Sem informação";"Administração Pública Estadual ou do Distrito Federal";"RO";"Não se aplica";"R$ 492.100,03";
"Legais, Voluntárias e Específicas";"1P95 - APOIO A ELABORACAO DE PLANOS E PROJETOS DE SANEAMENTO EM MUNICIPIOS COM POPULACAO SUPERIOR A 50 MIL HABITANTES OU INTEGRANTES DE REGIOES METROPOLITANAS OU DE REGIOES INTEGRADAS DE DESENVOLVIMENTO";"Sem informação";"Administração Pública Estadual ou do Distrito Federal";"AL";"Não se aplica";"R$ 507.635,30";
"Legais, Voluntárias e Específicas";"1P95 - APOIO A ELABORACAO DE PLANOS E PROJETOS DE SANEAMENTO EM MUNICIPIOS COM POPULACAO SUPERIOR A 50 MIL HABITANTES OU INTEGRANTES DE REGIOES METROPOLITANAS OU DE REGIOES INTEGRADAS DE DESENVOLVIMENTO";"Sem informação";"Administração Pública Estadual ou do Distrito Federal";"MA";"Não se aplica";"R$ 552.108,95";
"Legais, Voluntárias e Específicas";"006E - APOIO A SISTEMAS DE ABASTECIMENTO DE AGUA EM MUNICIPIOS DE REGIOES METROPOLITANAS, DE REGIOES INTEGRADAS DE DESENVOLVIMENTO ECONOMICO, MUNICIPIOS COM MAIS DE 50 MIL HABITANTES OU INTEGRANTES DE CONSORCIOS PUBLICOS COM MA";"Sem informação";"Administração Pública Estadual ou do Distrito Federal";"PA";"Não se aplica";"R$ 556.873,49";
"Legais, Voluntárias e Específicas";"10SG - APOIO A SISTEMAS DE DRENAGEM URBANA SUSTENTAVEL E DE MANEJO DE AGUAS PLUVIAIS EM MUNICIPIOS CRITICOS SUJEITOS A EVENTOS RECORRENTES DE INUNDACOES, ENXURRADAS E ALAGAMENTOS";"Sem informação";"Administração Pública Municipal";"SP";"SÃO VICENTE";"R$ 558.419,92";
"Legais, Voluntárias e Específicas";"1N08 - APOIO A IMPLANTACAO, AMPLIACAO OU MELHORIAS DE SISTEMAS DE ESGOTAMENTO SANITARIO EM MUNICIPIOS COM POPULACAO SUPERIOR A 50 MIL HABITANTES OU MUNICIPIOS INTEGRANTES DE REGIOES METROPOLITANAS OU DE REGIOES INTEGRADAS DE DE";"Sem informação";"Administração Pública Municipal";"PA";"PARAGOMINAS";"R$ 569.843,95";
"Legais, Voluntárias e Específicas";"10SG - APOIO A SISTEMAS DE DRENAGEM URBANA SUSTENTAVEL E DE MANEJO DE AGUAS PLUVIAIS EM MUNICIPIOS CRITICOS SUJEITOS A EVENTOS RECORRENTES DE INUNDACOES, ENXURRADAS E ALAGAMENTOS";"Sem informação";"Administração Pública Municipal";"PR";"IRATI";"R$ 601.245,52";
"Legais, Voluntárias e Específicas";"1N08 - APOIO A IMPLANTACAO, AMPLIACAO OU MELHORIAS DE SISTEMAS DE ESGOTAMENTO SANITARIO EM MUNICIPIOS COM POPULACAO SUPERIOR A 50 MIL HABITANTES OU MUNICIPIOS INTEGRANTES DE REGIOES METROPOLITANAS OU DE REGIOES INTEGRADAS DE DE";"Sem informação";"Administração Pública Estadual ou do Distrito Federal";"PE";"Não se aplica";"R$ 611.083,73";
"Legais, Voluntárias e Específicas";"10S5 - APOIO A EMPREENDIMENTOS DE SANEAMENTO INTEGRADO EM MUNICIPIOS COM POPULACAO SUPERIOR A 50 MIL HABITANTES OU MUNICIPIOS INTEGRANTES DE REGIOES METROPOLITANAS OU DE REGIOES INTEGRADAS DE DESENVOLVIMENTO";"Sem informação";"Administração Pública Estadual ou do Distrito Federal";"TO";"Não se aplica";"R$ 619.053,44";
"Legais, Voluntárias e Específicas";"10S5 - APOIO A EMPREENDIMENTOS DE SANEAMENTO INTEGRADO EM MUNICIPIOS COM POPULACAO SUPERIOR A 50 MIL HABITANTES OU MUNICIPIOS INTEGRANTES DE REGIOES METROPOLITANAS OU DE REGIOES INTEGRADAS DE DESENVOLVIMENTO";"Sem informação";"Administração Pública Municipal";"BA";"LAURO DE FREITAS";"R$ 623.914,34";
"Legais, Voluntárias e Específicas";"1P95 - APOIO A ELABORACAO DE PLANOS E PROJETOS DE SANEAMENTO EM MUNICIPIOS COM POPULACAO SUPERIOR A 50 MIL HABITANTES OU INTEGRANTES DE REGIOES METROPOLITANAS OU DE REGIOES INTEGRADAS DE DESENVOLVIMENTO";"Sem informação";"Administração Pública Municipal";"MG";"PATOS DE MINAS";"R$ 632.044,05";
"Legais, Voluntárias e Específicas";"10S5 - APOIO A EMPREENDIMENTOS DE SANEAMENTO INTEGRADO EM MUNICIPIOS COM POPULACAO SUPERIOR A 50 MIL HABITANTES OU MUNICIPIOS INTEGRANTES DE REGIOES METROPOLITANAS OU DE REGIOES INTEGRADAS DE DESENVOLVIMENTO";"Sem informação";"Administração Pública Municipal";"SP";"CARAPICUÍBA";"R$ 636.332,36";
"Legais, Voluntárias e Específicas";"10SG - APOIO A SISTEMAS DE DRENAGEM URBANA SUSTENTAVEL E DE MANEJO DE AGUAS PLUVIAIS EM MUNICIPIOS CRITICOS SUJEITOS A EVENTOS RECORRENTES DE INUNDACOES, ENXURRADAS E ALAGAMENTOS";"Sem informação";"Administração Pública Estadual ou do Distrito Federal";"MT";"Não se aplica";"R$ 639.319,67";
"Legais, Voluntárias e Específicas";"1P95 - APOIO A ELABORACAO DE PLANOS E PROJETOS DE SANEAMENTO EM MUNICIPIOS COM POPULACAO SUPERIOR A 50 MIL HABITANTES OU INTEGRANTES DE REGIOES METROPOLITANAS OU DE REGIOES INTEGRADAS DE DESENVOLVIMENTO";"Sem informação";"Administração Pública Municipal";"RS";"PORTO ALEGRE";"R$ 650.530,19";
"Legais, Voluntárias e Específicas";"10SC - APOIO A IMPLANTACAO, AMPLIACAO OU MELHORIAS EM SISTEMAS DE ABASTECIMENTO DE AGUA EM MUNICIPIOS COM POPULACAO SUPERIOR A 50 MIL HABITANTES OU MUNICIPIOS INTEGRANTES DE REGIOES METROPOLITANAS OU DE REGIOES INTEGRADAS DE DE";"Sem informação";"Administração Pública Municipal";"SP";"ATIBAIA";"R$ 701.629,12";
"Legais, Voluntárias e Específicas";"10SG - APOIO A SISTEMAS DE DRENAGEM URBANA SUSTENTAVEL E DE MANEJO DE AGUAS PLUVIAIS EM MUNICIPIOS CRITICOS SUJEITOS A EVENTOS RECORRENTES DE INUNDACOES, ENXURRADAS E ALAGAMENTOS";"Sem informação";"Administração Pública Municipal";"PE";"JABOATÃO DOS GUARARAPES";"R$ 709.131,60";
"Legais, Voluntárias e Específicas";"1N08 - APOIO A IMPLANTACAO, AMPLIACAO OU MELHORIAS DE SISTEMAS DE ESGOTAMENTO SANITARIO EM MUNICIPIOS COM POPULACAO SUPERIOR A 50 MIL HABITANTES OU MUNICIPIOS INTEGRANTES DE REGIOES METROPOLITANAS OU DE REGIOES INTEGRADAS DE DE";"Sem informação";"Administração Pública Municipal";"ES";"COLATINA";"R$ 714.676,80";
"Legais, Voluntárias e Específicas";"10SC - APOIO A IMPLANTACAO, AMPLIACAO OU MELHORIAS EM SISTEMAS DE ABASTECIMENTO DE AGUA EM MUNICIPIOS COM POPULACAO SUPERIOR A 50 MIL HABITANTES OU MUNICIPIOS INTEGRANTES DE REGIOES METROPOLITANAS OU DE REGIOES INTEGRADAS DE DE";"Sem informação";"Administração Pública Municipal";"GO";"SENADOR CANEDO";"R$ 753.588,75";
"Legais, Voluntárias e Específicas";"10S5 - APOIO A EMPREENDIMENTOS DE SANEAMENTO INTEGRADO EM MUNICIPIOS COM POPULACAO SUPERIOR A 50 MIL HABITANTES OU MUNICIPIOS INTEGRANTES DE REGIOES METROPOLITANAS OU DE REGIOES INTEGRADAS DE DESENVOLVIMENTO";"Sem informação";"Administração Pública Municipal";"RJ";"QUEIMADOS";"R$ 753.722,00";
"Legais, Voluntárias e Específicas";"1N08 - APOIO A IMPLANTACAO, AMPLIACAO OU MELHORIAS DE SISTEMAS DE ESGOTAMENTO SANITARIO EM MUNICIPIOS COM POPULACAO SUPERIOR A 50 MIL HABITANTES OU MUNICIPIOS INTEGRANTES DE REGIOES METROPOLITANAS OU DE REGIOES INTEGRADAS DE DE";"Sem informação";"Administração Pública Municipal";"MG";"UBERABA";"R$ 762.902,80";
"Legais, Voluntárias e Específicas";"1N08 - APOIO A IMPLANTACAO, AMPLIACAO OU MELHORIAS DE SISTEMAS DE ESGOTAMENTO SANITARIO EM MUNICIPIOS COM POPULACAO SUPERIOR A 50 MIL HABITANTES OU MUNICIPIOS INTEGRANTES DE REGIOES METROPOLITANAS OU DE REGIOES INTEGRADAS DE DE";"Sem informação";"Administração Pública Municipal";"GO";"ÁGUAS LINDAS DE GOIÁS";"R$ 766.065,89";
"Legais, Voluntárias e Específicas";"1P95 - APOIO A ELABORACAO DE PLANOS E PROJETOS DE SANEAMENTO EM MUNICIPIOS COM POPULACAO SUPERIOR A 50 MIL HABITANTES OU INTEGRANTES DE REGIOES METROPOLITANAS OU DE REGIOES INTEGRADAS DE DESENVOLVIMENTO";"Sem informação";"Administração Pública Estadual ou do Distrito Federal";"RS";"Não se aplica";"R$ 785.060,36";
"Legais, Voluntárias e Específicas";"1N08 - APOIO A IMPLANTACAO, AMPLIACAO OU MELHORIAS DE SISTEMAS DE ESGOTAMENTO SANITARIO EM MUNICIPIOS COM POPULACAO SUPERIOR A 50 MIL HABITANTES OU MUNICIPIOS INTEGRANTES DE REGIOES METROPOLITANAS OU DE REGIOES INTEGRADAS DE DE";"Sem informação";"Administração Pública Municipal";"RS";"SANTANA DO LIVRAMENTO";"R$ 793.552,07";
"Legais, Voluntárias e Específicas";"10SC - APOIO A IMPLANTACAO, AMPLIACAO OU MELHORIAS EM SISTEMAS DE ABASTECIMENTO DE AGUA EM MUNICIPIOS COM POPULACAO SUPERIOR A 50 MIL HABITANTES OU MUNICIPIOS INTEGRANTES DE REGIOES METROPOLITANAS OU DE REGIOES INTEGRADAS DE DE";"Sem informação";"Administração Pública Municipal";"PA";"CASTANHAL";"R$ 840.388,77";
"Legais, Voluntárias e Específicas";"1N08 - APOIO A IMPLANTACAO, AMPLIACAO OU MELHORIAS DE SISTEMAS DE ESGOTAMENTO SANITARIO EM MUNICIPIOS COM POPULACAO SUPERIOR A 50 MIL HABITANTES OU MUNICIPIOS INTEGRANTES DE REGIOES METROPOLITANAS OU DE REGIOES INTEGRADAS DE DE";"Sem informação";"Administração Pública Municipal";"SP";"MOGI GUAÇU";"R$ 847.080,64";
"Legais, Voluntárias e Específicas";"10S5 - APOIO A EMPREENDIMENTOS DE SANEAMENTO INTEGRADO EM MUNICIPIOS COM POPULACAO SUPERIOR A 50 MIL HABITANTES OU MUNICIPIOS INTEGRANTES DE REGIOES METROPOLITANAS OU DE REGIOES INTEGRADAS DE DESENVOLVIMENTO";"Sem informação";"Administração Pública Municipal";"GO";"ÁGUAS LINDAS DE GOIÁS";"R$ 894.472,60";
"Legais, Voluntárias e Específicas";"1N08 - APOIO A IMPLANTACAO, AMPLIACAO OU MELHORIAS DE SISTEMAS DE ESGOTAMENTO SANITARIO EM MUNICIPIOS COM POPULACAO SUPERIOR A 50 MIL HABITANTES OU MUNICIPIOS INTEGRANTES DE REGIOES METROPOLITANAS OU DE REGIOES INTEGRADAS DE DE";"Sem informação";"Administração Pública Municipal";"RS";"PORTO ALEGRE";"R$ 913.977,55";
"Legais, Voluntárias e Específicas";"1P95 - APOIO A ELABORACAO DE PLANOS E PROJETOS DE SANEAMENTO EM MUNICIPIOS COM POPULACAO SUPERIOR A 50 MIL HABITANTES OU INTEGRANTES DE REGIOES METROPOLITANAS OU DE REGIOES INTEGRADAS DE DESENVOLVIMENTO";"Sem informação";"Administração Pública Estadual ou do Distrito Federal";"PR";"Não se aplica";"R$ 917.633,29";
"Legais, Voluntárias e Específicas";"1N08 - APOIO A IMPLANTACAO, AMPLIACAO OU MELHORIAS DE SISTEMAS DE ESGOTAMENTO SANITARIO EM MUNICIPIOS COM POPULACAO SUPERIOR A 50 MIL HABITANTES OU MUNICIPIOS INTEGRANTES DE REGIOES METROPOLITANAS OU DE REGIOES INTEGRADAS DE DE";"Sem informação";"Administração Pública Municipal";"CE";"CHOROZINHO";"R$ 933.152,01";
"Legais, Voluntárias e Específicas";"10S5 - APOIO A EMPREENDIMENTOS DE SANEAMENTO INTEGRADO EM MUNICIPIOS COM POPULACAO SUPERIOR A 50 MIL HABITANTES OU MUNICIPIOS INTEGRANTES DE REGIOES METROPOLITANAS OU DE REGIOES INTEGRADAS DE DESENVOLVIMENTO";"Sem informação";"Administração Pública Municipal";"SP";"OSASCO";"R$ 936.185,02";
"Legais, Voluntárias e Específicas";"8871 - APOIO A ELABORACAO, IMPLEMENTACAO E MONITORAMENTO DE PLANOS DE SANEAMENTO BASICO";"Sem informação";"Administração Pública Estadual ou do Distrito Federal";"RO";"Não se aplica";"R$ 944.724,08";
"Legais, Voluntárias e Específicas";"1P95 - APOIO A ELABORACAO DE PLANOS E PROJETOS DE SANEAMENTO EM MUNICIPIOS COM POPULACAO SUPERIOR A 50 MIL HABITANTES OU INTEGRANTES DE REGIOES METROPOLITANAS OU DE REGIOES INTEGRADAS DE DESENVOLVIMENTO";"Sem informação";"Administração Pública Estadual ou do Distrito Federal";"AP";"Não se aplica";"R$ 949.779,37";
"Legais, Voluntárias e Específicas";"1P95 - APOIO A ELABORACAO DE PLANOS E PROJETOS DE SANEAMENTO EM MUNICIPIOS COM POPULACAO SUPERIOR A 50 MIL HABITANTES OU INTEGRANTES DE REGIOES METROPOLITANAS OU DE REGIOES INTEGRADAS DE DESENVOLVIMENTO";"Sem informação";"Administração Pública Municipal";"PI";"TERESINA";"R$ 955.818,82";
"Legais, Voluntárias e Específicas";"10SC - APOIO A IMPLANTACAO, AMPLIACAO OU MELHORIAS EM SISTEMAS DE ABASTECIMENTO DE AGUA EM MUNICIPIOS COM POPULACAO SUPERIOR A 50 MIL HABITANTES OU MUNICIPIOS INTEGRANTES DE REGIOES METROPOLITANAS OU DE REGIOES INTEGRADAS DE DE";"Sem informação";"Administração Pública Municipal";"RS";"ARARICÁ";"R$ 956.049,97";
"Legais, Voluntárias e Específicas";"10SC - APOIO A IMPLANTACAO, AMPLIACAO OU MELHORIAS EM SISTEMAS DE ABASTECIMENTO DE AGUA EM MUNICIPIOS COM POPULACAO SUPERIOR A 50 MIL HABITANTES OU MUNICIPIOS INTEGRANTES DE REGIOES METROPOLITANAS OU DE REGIOES INTEGRADAS DE DE";"Sem informação";"Administração Pública Estadual ou do Distrito Federal";"PE";"Não se aplica";"R$ 968.850,06";
"Legais, Voluntárias e Específicas";"10SG - APOIO A SISTEMAS DE DRENAGEM URBANA SUSTENTAVEL E DE MANEJO DE AGUAS PLUVIAIS EM MUNICIPIOS CRITICOS SUJEITOS A EVENTOS RECORRENTES DE INUNDACOES, ENXURRADAS E ALAGAMENTOS";"Sem informação";"Administração Pública Municipal";"RS";"ESTEIO";"R$ 983.370,18";
"Legais, Voluntárias e Específicas";"10SG - APOIO A SISTEMAS DE DRENAGEM URBANA SUSTENTAVEL E DE MANEJO DE AGUAS PLUVIAIS EM MUNICIPIOS CRITICOS SUJEITOS A EVENTOS RECORRENTES DE INUNDACOES, ENXURRADAS E ALAGAMENTOS";"Sem informação";"Administração Pública Municipal";"RO";"VILHENA";"R$ 993.056,23";
"Legais, Voluntárias e Específicas";"1N08 - APOIO A IMPLANTACAO, AMPLIACAO OU MELHORIAS DE SISTEMAS DE ESGOTAMENTO SANITARIO EM MUNICIPIOS COM POPULACAO SUPERIOR A 50 MIL HABITANTES OU MUNICIPIOS INTEGRANTES DE REGIOES METROPOLITANAS OU DE REGIOES INTEGRADAS DE DE";"Sem informação";"Administração Pública Municipal";"MT";"TANGARÁ DA SERRA";"R$ 1.010.400,49";
"Legais, Voluntárias e Específicas";"10SG - APOIO A SISTEMAS DE DRENAGEM URBANA SUSTENTAVEL E DE MANEJO DE AGUAS PLUVIAIS EM MUNICIPIOS CRITICOS SUJEITOS A EVENTOS RECORRENTES DE INUNDACOES, ENXURRADAS E ALAGAMENTOS";"Sem informação";"Administração Pública Municipal";"SP";"JAÚ";"R$ 1.072.760,70";
"Legais, Voluntárias e Específicas";"10S5 - APOIO A EMPREENDIMENTOS DE SANEAMENTO INTEGRADO EM MUNICIPIOS COM POPULACAO SUPERIOR A 50 MIL HABITANTES OU MUNICIPIOS INTEGRANTES DE REGIOES METROPOLITANAS OU DE REGIOES INTEGRADAS DE DESENVOLVIMENTO";"Sem informação";"Administração Pública Municipal";"MG";"BETIM";"R$ 1.086.180,44";
"Legais, Voluntárias e Específicas";"10SG - APOIO A SISTEMAS DE DRENAGEM URBANA SUSTENTAVEL E DE MANEJO DE AGUAS PLUVIAIS EM MUNICIPIOS CRITICOS SUJEITOS A EVENTOS RECORRENTES DE INUNDACOES, ENXURRADAS E ALAGAMENTOS";"Sem informação";"Administração Pública Municipal";"PR";"PARANAGUÁ";"R$ 1.158.529,64";
"Legais, Voluntárias e Específicas";"10SC - APOIO A IMPLANTACAO, AMPLIACAO OU MELHORIAS EM SISTEMAS DE ABASTECIMENTO DE AGUA EM MUNICIPIOS COM POPULACAO SUPERIOR A 50 MIL HABITANTES OU MUNICIPIOS INTEGRANTES DE REGIOES METROPOLITANAS OU DE REGIOES INTEGRADAS DE DE";"Sem informação";"Administração Pública Municipal";"MT";"RONDONÓPOLIS";"R$ 1.160.194,29";
"Legais, Voluntárias e Específicas";"1N08 - APOIO A IMPLANTACAO, AMPLIACAO OU MELHORIAS DE SISTEMAS DE ESGOTAMENTO SANITARIO EM MUNICIPIOS COM POPULACAO SUPERIOR A 50 MIL HABITANTES OU MUNICIPIOS INTEGRANTES DE REGIOES METROPOLITANAS OU DE REGIOES INTEGRADAS DE DE";"Sem informação";"Administração Pública Estadual ou do Distrito Federal";"CE";"Não se aplica";"R$ 1.163.562,84";
"Legais, Voluntárias e Específicas";"1N08 - APOIO A IMPLANTACAO, AMPLIACAO OU MELHORIAS DE SISTEMAS DE ESGOTAMENTO SANITARIO EM MUNICIPIOS COM POPULACAO SUPERIOR A 50 MIL HABITANTES OU MUNICIPIOS INTEGRANTES DE REGIOES METROPOLITANAS OU DE REGIOES INTEGRADAS DE DE";"Sem informação";"Administração Pública Municipal";"BA";"CASA NOVA";"R$ 1.191.969,08";
"Legais, Voluntárias e Específicas";"10SC - APOIO A IMPLANTACAO, AMPLIACAO OU MELHORIAS EM SISTEMAS DE ABASTECIMENTO DE AGUA EM MUNICIPIOS COM POPULACAO SUPERIOR A 50 MIL HABITANTES OU MUNICIPIOS INTEGRANTES DE REGIOES METROPOLITANAS OU DE REGIOES INTEGRADAS DE DE";"Sem informação";"Administração Pública Municipal";"SP";"OLÍMPIA";"R$ 1.198.894,99";
"Legais, Voluntárias e Específicas";"1N08 - APOIO A IMPLANTACAO, AMPLIACAO OU MELHORIAS DE SISTEMAS DE ESGOTAMENTO SANITARIO EM MUNICIPIOS COM POPULACAO SUPERIOR A 50 MIL HABITANTES OU MUNICIPIOS INTEGRANTES DE REGIOES METROPOLITANAS OU DE REGIOES INTEGRADAS DE DE";"Sem informação";"Administração Pública Municipal";"BA";"ITABUNA";"R$ 1.264.501,51";
"Legais, Voluntárias e Específicas";"1N08 - APOIO A IMPLANTACAO, AMPLIACAO OU MELHORIAS DE SISTEMAS DE ESGOTAMENTO SANITARIO EM MUNICIPIOS COM POPULACAO SUPERIOR A 50 MIL HABITANTES OU MUNICIPIOS INTEGRANTES DE REGIOES METROPOLITANAS OU DE REGIOES INTEGRADAS DE DE";"Sem informação";"Administração Pública Municipal";"RS";"NOVO HAMBURGO";"R$ 1.279.670,55";
"Legais, Voluntárias e Específicas";"10S5 - APOIO A EMPREENDIMENTOS DE SANEAMENTO INTEGRADO EM MUNICIPIOS COM POPULACAO SUPERIOR A 50 MIL HABITANTES OU MUNICIPIOS INTEGRANTES DE REGIOES METROPOLITANAS OU DE REGIOES INTEGRADAS DE DESENVOLVIMENTO";"Sem informação";"Administração Pública Municipal";"ES";"VITÓRIA";"R$ 1.284.137,67";
"Legais, Voluntárias e Específicas";"10SC - APOIO A IMPLANTACAO, AMPLIACAO OU MELHORIAS EM SISTEMAS DE ABASTECIMENTO DE AGUA EM MUNICIPIOS COM POPULACAO SUPERIOR A 50 MIL HABITANTES OU MUNICIPIOS INTEGRANTES DE REGIOES METROPOLITANAS OU DE REGIOES INTEGRADAS DE DE";"Sem informação";"Administração Pública Estadual ou do Distrito Federal";"MS";"Não se aplica";"R$ 1.333.416,55";
"Legais, Voluntárias e Específicas";"10S5 - APOIO A EMPREENDIMENTOS DE SANEAMENTO INTEGRADO EM MUNICIPIOS COM POPULACAO SUPERIOR A 50 MIL HABITANTES OU MUNICIPIOS INTEGRANTES DE REGIOES METROPOLITANAS OU DE REGIOES INTEGRADAS DE DESENVOLVIMENTO";"Sem informação";"Administração Pública Municipal";"SP";"EMBU";"R$ 1.357.948,34";
"Legais, Voluntárias e Específicas";"10RM - IMPLANTACAO, AMPLIACAO, MELHORIA OU ADEQUACAO DE SISTEMAS DE ESGOTAMENTO SANITARIO NA AREA DE ATUACAO DA CODEVASF";"Saneamento Público";"Entidades Empresariais Privadas";"BA";"Não se aplica";"R$ 1.416.332,65";
"Legais, Voluntárias e Específicas";"10S5 - APOIO A EMPREENDIMENTOS DE SANEAMENTO INTEGRADO EM MUNICIPIOS COM POPULACAO SUPERIOR A 50 MIL HABITANTES OU MUNICIPIOS INTEGRANTES DE REGIOES METROPOLITANAS OU DE REGIOES INTEGRADAS DE DESENVOLVIMENTO";"Sem informação";"Administração Pública Municipal";"SP";"CAMPINAS";"R$ 1.437.849,87";
"Legais, Voluntárias e Específicas";"1N08 - APOIO A IMPLANTACAO, AMPLIACAO OU MELHORIAS DE SISTEMAS DE ESGOTAMENTO SANITARIO EM MUNICIPIOS COM POPULACAO SUPERIOR A 50 MIL HABITANTES OU MUNICIPIOS INTEGRANTES DE REGIOES METROPOLITANAS OU DE REGIOES INTEGRADAS DE DE";"Sem informação";"Administração Pública Municipal";"SP";"SÃO CARLOS";"R$ 1.440.517,14";
"Legais, Voluntárias e Específicas";"10SG - APOIO A SISTEMAS DE DRENAGEM URBANA SUSTENTAVEL E DE MANEJO DE AGUAS PLUVIAIS EM MUNICIPIOS CRITICOS SUJEITOS A EVENTOS RECORRENTES DE INUNDACOES, ENXURRADAS E ALAGAMENTOS";"Sem informação";"Administração Pública Municipal";"SP";"BERTIOGA";"R$ 1.468.620,13";
"Legais, Voluntárias e Específicas";"10SG - APOIO A SISTEMAS DE DRENAGEM URBANA SUSTENTAVEL E DE MANEJO DE AGUAS PLUVIAIS EM MUNICIPIOS CRITICOS SUJEITOS A EVENTOS RECORRENTES DE INUNDACOES, ENXURRADAS E ALAGAMENTOS";"Sem informação";"Administração Pública Municipal";"SC";"BRUSQUE";"R$ 1.483.757,73";
"Legais, Voluntárias e Específicas";"10SC - APOIO A IMPLANTACAO, AMPLIACAO OU MELHORIAS EM SISTEMAS DE ABASTECIMENTO DE AGUA EM MUNICIPIOS COM POPULACAO SUPERIOR A 50 MIL HABITANTES OU MUNICIPIOS INTEGRANTES DE REGIOES METROPOLITANAS OU DE REGIOES INTEGRADAS DE DE";"Sem informação";"Administração Pública Municipal";"SP";"AMERICANA";"R$ 1.506.322,32";
"Legais, Voluntárias e Específicas";"10SC - APOIO A IMPLANTACAO, AMPLIACAO OU MELHORIAS EM SISTEMAS DE ABASTECIMENTO DE AGUA EM MUNICIPIOS COM POPULACAO SUPERIOR A 50 MIL HABITANTES OU MUNICIPIOS INTEGRANTES DE REGIOES METROPOLITANAS OU DE REGIOES INTEGRADAS DE DE";"Sem informação";"Administração Pública Municipal";"SP";"RIO CLARO";"R$ 1.512.228,44";
"Legais, Voluntárias e Específicas";"10SG - APOIO A SISTEMAS DE DRENAGEM URBANA SUSTENTAVEL E DE MANEJO DE AGUAS PLUVIAIS EM MUNICIPIOS CRITICOS SUJEITOS A EVENTOS RECORRENTES DE INUNDACOES, ENXURRADAS E ALAGAMENTOS";"Sem informação";"Administração Pública Municipal";"SE";"ARACAJU";"R$ 1.548.566,73";
"Legais, Voluntárias e Específicas";"10SG - APOIO A SISTEMAS DE DRENAGEM URBANA SUSTENTAVEL E DE MANEJO DE AGUAS PLUVIAIS EM MUNICIPIOS CRITICOS SUJEITOS A EVENTOS RECORRENTES DE INUNDACOES, ENXURRADAS E ALAGAMENTOS";"Sem informação";"Administração Pública Municipal";"PI";"TERESINA";"R$ 1.588.893,53";
"Legais, Voluntárias e Específicas";"1N08 - APOIO A IMPLANTACAO, AMPLIACAO OU MELHORIAS DE SISTEMAS DE ESGOTAMENTO SANITARIO EM MUNICIPIOS COM POPULACAO SUPERIOR A 50 MIL HABITANTES OU MUNICIPIOS INTEGRANTES DE REGIOES METROPOLITANAS OU DE REGIOES INTEGRADAS DE DE";"Sem informação";"Administração Pública Municipal";"MG";"MURIAÉ";"R$ 1.593.107,20";
"Legais, Voluntárias e Específicas";"10SG - APOIO A SISTEMAS DE DRENAGEM URBANA SUSTENTAVEL E DE MANEJO DE AGUAS PLUVIAIS EM MUNICIPIOS CRITICOS SUJEITOS A EVENTOS RECORRENTES DE INUNDACOES, ENXURRADAS E ALAGAMENTOS";"Sem informação";"Administração Pública Municipal";"PI";"CAMPO MAIOR";"R$ 1.597.045,57";
"Legais, Voluntárias e Específicas";"1N08 - APOIO A IMPLANTACAO, AMPLIACAO OU MELHORIAS DE SISTEMAS DE ESGOTAMENTO SANITARIO EM MUNICIPIOS COM POPULACAO SUPERIOR A 50 MIL HABITANTES OU MUNICIPIOS INTEGRANTES DE REGIOES METROPOLITANAS OU DE REGIOES INTEGRADAS DE DE";"Sem informação";"Administração Pública Municipal";"RJ";"ANGRA DOS REIS";"R$ 1.610.928,58";
"Legais, Voluntárias e Específicas";"10SG - APOIO A SISTEMAS DE DRENAGEM URBANA SUSTENTAVEL E DE MANEJO DE AGUAS PLUVIAIS EM MUNICIPIOS CRITICOS SUJEITOS A EVENTOS RECORRENTES DE INUNDACOES, ENXURRADAS E ALAGAMENTOS";"Sem informação";"Administração Pública Municipal";"SP";"VOTORANTIM";"R$ 1.622.322,08";
"Legais, Voluntárias e Específicas";"10S5 - APOIO A EMPREENDIMENTOS DE SANEAMENTO INTEGRADO EM MUNICIPIOS COM POPULACAO SUPERIOR A 50 MIL HABITANTES OU MUNICIPIOS INTEGRANTES DE REGIOES METROPOLITANAS OU DE REGIOES INTEGRADAS DE DESENVOLVIMENTO";"Sem informação";"Administração Pública Municipal";"BA";"CAMAÇARI";"R$ 1.632.996,38";
"Legais, Voluntárias e Específicas";"10SG - APOIO A SISTEMAS DE DRENAGEM URBANA SUSTENTAVEL E DE MANEJO DE AGUAS PLUVIAIS EM MUNICIPIOS CRITICOS SUJEITOS A EVENTOS RECORRENTES DE INUNDACOES, ENXURRADAS E ALAGAMENTOS";"Sem informação";"Administração Pública Municipal";"SP";"SERTÃOZINHO";"R$ 1.642.155,54";
"Legais, Voluntárias e Específicas";"1N08 - APOIO A IMPLANTACAO, AMPLIACAO OU MELHORIAS DE SISTEMAS DE ESGOTAMENTO SANITARIO EM MUNICIPIOS COM POPULACAO SUPERIOR A 50 MIL HABITANTES OU MUNICIPIOS INTEGRANTES DE REGIOES METROPOLITANAS OU DE REGIOES INTEGRADAS DE DE";"Sem informação";"Administração Pública Municipal";"CE";"ICÓ";"R$ 1.660.332,71";
"Legais, Voluntárias e Específicas";"1N08 - APOIO A IMPLANTACAO, AMPLIACAO OU MELHORIAS DE SISTEMAS DE ESGOTAMENTO SANITARIO EM MUNICIPIOS COM POPULACAO SUPERIOR A 50 MIL HABITANTES OU MUNICIPIOS INTEGRANTES DE REGIOES METROPOLITANAS OU DE REGIOES INTEGRADAS DE DE";"Sem informação";"Administração Pública Municipal";"RN";"MOSSORÓ";"R$ 1.668.760,18";
"Legais, Voluntárias e Específicas";"1N08 - APOIO A IMPLANTACAO, AMPLIACAO OU MELHORIAS DE SISTEMAS DE ESGOTAMENTO SANITARIO EM MUNICIPIOS COM POPULACAO SUPERIOR A 50 MIL HABITANTES OU MUNICIPIOS INTEGRANTES DE REGIOES METROPOLITANAS OU DE REGIOES INTEGRADAS DE DE";"Sem informação";"Administração Pública Municipal";"CE";"SOBRAL";"R$ 1.676.860,28";
"Legais, Voluntárias e Específicas";"10SG - APOIO A SISTEMAS DE DRENAGEM URBANA SUSTENTAVEL E DE MANEJO DE AGUAS PLUVIAIS EM MUNICIPIOS CRITICOS SUJEITOS A EVENTOS RECORRENTES DE INUNDACOES, ENXURRADAS E ALAGAMENTOS";"Sem informação";"Administração Pública Municipal";"BA";"SANTO ANTÔNIO DE JESUS";"R$ 1.789.436,09";
"Legais, Voluntárias e Específicas";"10SC - APOIO A IMPLANTACAO, AMPLIACAO OU MELHORIAS EM SISTEMAS DE ABASTECIMENTO DE AGUA EM MUNICIPIOS COM POPULACAO SUPERIOR A 50 MIL HABITANTES OU MUNICIPIOS INTEGRANTES DE REGIOES METROPOLITANAS OU DE REGIOES INTEGRADAS DE DE";"Sem informação";"Administração Pública Estadual ou do Distrito Federal";"SE";"Não se aplica";"R$ 1.807.537,86";
"Legais, Voluntárias e Específicas";"1N08 - APOIO A IMPLANTACAO, AMPLIACAO OU MELHORIAS DE SISTEMAS DE ESGOTAMENTO SANITARIO EM MUNICIPIOS COM POPULACAO SUPERIOR A 50 MIL HABITANTES OU MUNICIPIOS INTEGRANTES DE REGIOES METROPOLITANAS OU DE REGIOES INTEGRADAS DE DE";"Sem informação";"Administração Pública Municipal";"MG";"UNAÍ";"R$ 1.824.994,29";
"Legais, Voluntárias e Específicas";"1P95 - APOIO A ELABORACAO DE PLANOS E PROJETOS DE SANEAMENTO EM MUNICIPIOS COM POPULACAO SUPERIOR A 50 MIL HABITANTES OU INTEGRANTES DE REGIOES METROPOLITANAS OU DE REGIOES INTEGRADAS DE DESENVOLVIMENTO";"Sem informação";"Administração Pública Municipal";"SP";"MOGI DAS CRUZES";"R$ 1.836.372,96";
"Legais, Voluntárias e Específicas";"1N08 - APOIO A IMPLANTACAO, AMPLIACAO OU MELHORIAS DE SISTEMAS DE ESGOTAMENTO SANITARIO EM MUNICIPIOS COM POPULACAO SUPERIOR A 50 MIL HABITANTES OU MUNICIPIOS INTEGRANTES DE REGIOES METROPOLITANAS OU DE REGIOES INTEGRADAS DE DE";"Sem informação";"Administração Pública Municipal";"MA";"BACABAL";"R$ 1.856.916,01";
"Legais, Voluntárias e Específicas";"1N08 - APOIO A IMPLANTACAO, AMPLIACAO OU MELHORIAS DE SISTEMAS DE ESGOTAMENTO SANITARIO EM MUNICIPIOS COM POPULACAO SUPERIOR A 50 MIL HABITANTES OU MUNICIPIOS INTEGRANTES DE REGIOES METROPOLITANAS OU DE REGIOES INTEGRADAS DE DE";"Sem informação";"Administração Pública Municipal";"SC";"LAGES";"R$ 1.873.235,55";
"Legais, Voluntárias e Específicas";"10SG - APOIO A SISTEMAS DE DRENAGEM URBANA SUSTENTAVEL E DE MANEJO DE AGUAS PLUVIAIS EM MUNICIPIOS CRITICOS SUJEITOS A EVENTOS RECORRENTES DE INUNDACOES, ENXURRADAS E ALAGAMENTOS";"Sem informação";"Administração Pública Municipal";"RJ";"SÃO JOÃO DE MERITI";"R$ 1.887.136,67";
"Legais, Voluntárias e Específicas";"10S5 - APOIO A EMPREENDIMENTOS DE SANEAMENTO INTEGRADO EM MUNICIPIOS COM POPULACAO SUPERIOR A 50 MIL HABITANTES OU MUNICIPIOS INTEGRANTES DE REGIOES METROPOLITANAS OU DE REGIOES INTEGRADAS DE DESENVOLVIMENTO";"Sem informação";"Administração Pública Municipal";"AC";"RIO BRANCO";"R$ 1.901.756,42";
"Legais, Voluntárias e Específicas";"10SG - APOIO A SISTEMAS DE DRENAGEM URBANA SUSTENTAVEL E DE MANEJO DE AGUAS PLUVIAIS EM MUNICIPIOS CRITICOS SUJEITOS A EVENTOS RECORRENTES DE INUNDACOES, ENXURRADAS E ALAGAMENTOS";"Sem informação";"Administração Pública Municipal";"SC";"ITAJAÍ";"R$ 1.903.860,45";
"Legais, Voluntárias e Específicas";"1N08 - APOIO A IMPLANTACAO, AMPLIACAO OU MELHORIAS DE SISTEMAS DE ESGOTAMENTO SANITARIO EM MUNICIPIOS COM POPULACAO SUPERIOR A 50 MIL HABITANTES OU MUNICIPIOS INTEGRANTES DE REGIOES METROPOLITANAS OU DE REGIOES INTEGRADAS DE DE";"Sem informação";"Administração Pública Estadual ou do Distrito Federal";"RO";"Não se aplica";"R$ 1.938.369,04";
"Legais, Voluntárias e Específicas";"1N08 - APOIO A IMPLANTACAO, AMPLIACAO OU MELHORIAS DE SISTEMAS DE ESGOTAMENTO SANITARIO EM MUNICIPIOS COM POPULACAO SUPERIOR A 50 MIL HABITANTES OU MUNICIPIOS INTEGRANTES DE REGIOES METROPOLITANAS OU DE REGIOES INTEGRADAS DE DE";"Sem informação";"Administração Pública Municipal";"CE";"QUIXERAMOBIM";"R$ 1.975.190,10";
"Legais, Voluntárias e Específicas";"10S5 - APOIO A EMPREENDIMENTOS DE SANEAMENTO INTEGRADO EM MUNICIPIOS COM POPULACAO SUPERIOR A 50 MIL HABITANTES OU MUNICIPIOS INTEGRANTES DE REGIOES METROPOLITANAS OU DE REGIOES INTEGRADAS DE DESENVOLVIMENTO";"Sem informação";"Administração Pública Municipal";"GO";"LUZIÂNIA";"R$ 1.987.930,24";
"Legais, Voluntárias e Específicas";"1N08 - APOIO A IMPLANTACAO, AMPLIACAO OU MELHORIAS DE SISTEMAS DE ESGOTAMENTO SANITARIO EM MUNICIPIOS COM POPULACAO SUPERIOR A 50 MIL HABITANTES OU MUNICIPIOS INTEGRANTES DE REGIOES METROPOLITANAS OU DE REGIOES INTEGRADAS DE DE";"Sem informação";"Administração Pública Municipal";"SC";"SÃO BENTO DO SUL";"R$ 2.059.221,58";
"Legais, Voluntárias e Específicas";"10SG - APOIO A SISTEMAS DE DRENAGEM URBANA SUSTENTAVEL E DE MANEJO DE AGUAS PLUVIAIS EM MUNICIPIOS CRITICOS SUJEITOS A EVENTOS RECORRENTES DE INUNDACOES, ENXURRADAS E ALAGAMENTOS";"Sem informação";"Administração Pública Municipal";"SC";"JOINVILLE";"R$ 2.154.822,86";
"Legais, Voluntárias e Específicas";"10S5 - APOIO A EMPREENDIMENTOS DE SANEAMENTO INTEGRADO EM MUNICIPIOS COM POPULACAO SUPERIOR A 50 MIL HABITANTES OU MUNICIPIOS INTEGRANTES DE REGIOES METROPOLITANAS OU DE REGIOES INTEGRADAS DE DESENVOLVIMENTO";"Sem informação";"Administração Pública Municipal";"BA";"JUAZEIRO";"R$ 2.241.136,21";
"Legais, Voluntárias e Específicas";"1N08 - APOIO A IMPLANTACAO, AMPLIACAO OU MELHORIAS DE SISTEMAS DE ESGOTAMENTO SANITARIO EM MUNICIPIOS COM POPULACAO SUPERIOR A 50 MIL HABITANTES OU MUNICIPIOS INTEGRANTES DE REGIOES METROPOLITANAS OU DE REGIOES INTEGRADAS DE DE";"Sem informação";"Administração Pública Municipal";"BA";"ALAGOINHAS";"R$ 2.272.306,50";
"Legais, Voluntárias e Específicas";"1N08 - APOIO A IMPLANTACAO, AMPLIACAO OU MELHORIAS DE SISTEMAS DE ESGOTAMENTO SANITARIO EM MUNICIPIOS COM POPULACAO SUPERIOR A 50 MIL HABITANTES OU MUNICIPIOS INTEGRANTES DE REGIOES METROPOLITANAS OU DE REGIOES INTEGRADAS DE DE";"Sem informação";"Administração Pública Municipal";"PR";"SARANDI";"R$ 2.307.780,92";
"Legais, Voluntárias e Específicas";"10S5 - APOIO A EMPREENDIMENTOS DE SANEAMENTO INTEGRADO EM MUNICIPIOS COM POPULACAO SUPERIOR A 50 MIL HABITANTES OU MUNICIPIOS INTEGRANTES DE REGIOES METROPOLITANAS OU DE REGIOES INTEGRADAS DE DESENVOLVIMENTO";"Sem informação";"Administração Pública Municipal";"SC";"LAGES";"R$ 2.319.183,93";
"Legais, Voluntárias e Específicas";"10SG - APOIO A SISTEMAS DE DRENAGEM URBANA SUSTENTAVEL E DE MANEJO DE AGUAS PLUVIAIS EM MUNICIPIOS CRITICOS SUJEITOS A EVENTOS RECORRENTES DE INUNDACOES, ENXURRADAS E ALAGAMENTOS";"Sem informação";"Administração Pública Municipal";"SC";"BIGUAÇU";"R$ 2.387.091,68";
"Legais, Voluntárias e Específicas";"1N08 - APOIO A IMPLANTACAO, AMPLIACAO OU MELHORIAS DE SISTEMAS DE ESGOTAMENTO SANITARIO EM MUNICIPIOS COM POPULACAO SUPERIOR A 50 MIL HABITANTES OU MUNICIPIOS INTEGRANTES DE REGIOES METROPOLITANAS OU DE REGIOES INTEGRADAS DE DE";"Sem informação";"Administração Pública Municipal";"MG";"RIBEIRÃO DAS NEVES";"R$ 2.394.576,00";
"Legais, Voluntárias e Específicas";"10RM - IMPLANTACAO, AMPLIACAO, MELHORIA OU ADEQUACAO DE SISTEMAS DE ESGOTAMENTO SANITARIO NA AREA DE ATUACAO DA CODEVASF";"Saneamento Público";"Administração Pública Estadual ou do Distrito Federal";"SE";"Não se aplica";"R$ 2.398.929,13";
"Legais, Voluntárias e Específicas";"10SC - APOIO A IMPLANTACAO, AMPLIACAO OU MELHORIAS EM SISTEMAS DE ABASTECIMENTO DE AGUA EM MUNICIPIOS COM POPULACAO SUPERIOR A 50 MIL HABITANTES OU MUNICIPIOS INTEGRANTES DE REGIOES METROPOLITANAS OU DE REGIOES INTEGRADAS DE DE";"Sem informação";"Administração Pública Estadual ou do Distrito Federal";"PB";"Não se aplica";"R$ 2.450.745,84";
"Legais, Voluntárias e Específicas";"1P95 - APOIO A ELABORACAO DE PLANOS E PROJETOS DE SANEAMENTO EM MUNICIPIOS COM POPULACAO SUPERIOR A 50 MIL HABITANTES OU INTEGRANTES DE REGIOES METROPOLITANAS OU DE REGIOES INTEGRADAS DE DESENVOLVIMENTO";"Sem informação";"Administração Pública Estadual ou do Distrito Federal";"BA";"Não se aplica";"R$ 2.524.102,28";
"Legais, Voluntárias e Específicas";"10SC - APOIO A IMPLANTACAO, AMPLIACAO OU MELHORIAS EM SISTEMAS DE ABASTECIMENTO DE AGUA EM MUNICIPIOS COM POPULACAO SUPERIOR A 50 MIL HABITANTES OU MUNICIPIOS INTEGRANTES DE REGIOES METROPOLITANAS OU DE REGIOES INTEGRADAS DE DE";"Sem informação";"Administração Pública Estadual ou do Distrito Federal";"ES";"Não se aplica";"R$ 2.543.094,09";
"Legais, Voluntárias e Específicas";"1N08 - APOIO A IMPLANTACAO, AMPLIACAO OU MELHORIAS DE SISTEMAS DE ESGOTAMENTO SANITARIO EM MUNICIPIOS COM POPULACAO SUPERIOR A 50 MIL HABITANTES OU MUNICIPIOS INTEGRANTES DE REGIOES METROPOLITANAS OU DE REGIOES INTEGRADAS DE DE";"Sem informação";"Administração Pública Municipal";"MG";"ITAÚNA";"R$ 2.570.909,41";
"Legais, Voluntárias e Específicas";"10SC - APOIO A IMPLANTACAO, AMPLIACAO OU MELHORIAS EM SISTEMAS DE ABASTECIMENTO DE AGUA EM MUNICIPIOS COM POPULACAO SUPERIOR A 50 MIL HABITANTES OU MUNICIPIOS INTEGRANTES DE REGIOES METROPOLITANAS OU DE REGIOES INTEGRADAS DE DE";"Sem informação";"Administração Pública Municipal";"SP";"PIRACICABA";"R$ 2.593.151,21";
"Legais, Voluntárias e Específicas";"10SG - APOIO A SISTEMAS DE DRENAGEM URBANA SUSTENTAVEL E DE MANEJO DE AGUAS PLUVIAIS EM MUNICIPIOS CRITICOS SUJEITOS A EVENTOS RECORRENTES DE INUNDACOES, ENXURRADAS E ALAGAMENTOS";"Sem informação";"Administração Pública Municipal";"MG";"BETIM";"R$ 2.596.899,06";
"Legais, Voluntárias e Específicas";"10S5 - APOIO A EMPREENDIMENTOS DE SANEAMENTO INTEGRADO EM MUNICIPIOS COM POPULACAO SUPERIOR A 50 MIL HABITANTES OU MUNICIPIOS INTEGRANTES DE REGIOES METROPOLITANAS OU DE REGIOES INTEGRADAS DE DESENVOLVIMENTO";"Sem informação";"Administração Pública Municipal";"CE";"FORTALEZA";"R$ 2.620.371,47";
"Legais, Voluntárias e Específicas";"10SC - APOIO A IMPLANTACAO, AMPLIACAO OU MELHORIAS EM SISTEMAS DE ABASTECIMENTO DE AGUA EM MUNICIPIOS COM POPULACAO SUPERIOR A 50 MIL HABITANTES OU MUNICIPIOS INTEGRANTES DE REGIOES METROPOLITANAS OU DE REGIOES INTEGRADAS DE DE";"Sem informação";"Administração Pública Estadual ou do Distrito Federal";"MA";"Não se aplica";"R$ 2.625.028,26";
"Legais, Voluntárias e Específicas";"10SG - APOIO A SISTEMAS DE DRENAGEM URBANA SUSTENTAVEL E DE MANEJO DE AGUAS PLUVIAIS EM MUNICIPIOS CRITICOS SUJEITOS A EVENTOS RECORRENTES DE INUNDACOES, ENXURRADAS E ALAGAMENTOS";"Sem informação";"Administração Pública Municipal";"SP";"BOTUCATU";"R$ 2.625.612,34";
"Legais, Voluntárias e Específicas";"1N08 - APOIO A IMPLANTACAO, AMPLIACAO OU MELHORIAS DE SISTEMAS DE ESGOTAMENTO SANITARIO EM MUNICIPIOS COM POPULACAO SUPERIOR A 50 MIL HABITANTES OU MUNICIPIOS INTEGRANTES DE REGIOES METROPOLITANAS OU DE REGIOES INTEGRADAS DE DE";"Sem informação";"Administração Pública Municipal";"MG";"CAMPO BELO";"R$ 2.779.616,46";
"Legais, Voluntárias e Específicas";"10SC - APOIO A IMPLANTACAO, AMPLIACAO OU MELHORIAS EM SISTEMAS DE ABASTECIMENTO DE AGUA EM MUNICIPIOS COM POPULACAO SUPERIOR A 50 MIL HABITANTES OU MUNICIPIOS INTEGRANTES DE REGIOES METROPOLITANAS OU DE REGIOES INTEGRADAS DE DE";"Sem informação";"Administração Pública Municipal";"CE";"QUIXERAMOBIM";"R$ 2.794.628,00";
"Legais, Voluntárias e Específicas";"1N08 - APOIO A IMPLANTACAO, AMPLIACAO OU MELHORIAS DE SISTEMAS DE ESGOTAMENTO SANITARIO EM MUNICIPIOS COM POPULACAO SUPERIOR A 50 MIL HABITANTES OU MUNICIPIOS INTEGRANTES DE REGIOES METROPOLITANAS OU DE REGIOES INTEGRADAS DE DE";"Sem informação";"Administração Pública Estadual ou do Distrito Federal";"ES";"Não se aplica";"R$ 2.795.289,76";
"Legais, Voluntárias e Específicas";"10RM - IMPLANTACAO, AMPLIACAO, MELHORIA OU ADEQUACAO DE SISTEMAS DE ESGOTAMENTO SANITARIO NA AREA DE ATUACAO DA CODEVASF";"Saneamento Público";"Entidades Empresariais Privadas";"MG";"Não se aplica";"R$ 2.798.812,08";
"Legais, Voluntárias e Específicas";"1P95 - APOIO A ELABORACAO DE PLANOS E PROJETOS DE SANEAMENTO EM MUNICIPIOS COM POPULACAO SUPERIOR A 50 MIL HABITANTES OU INTEGRANTES DE REGIOES METROPOLITANAS OU DE REGIOES INTEGRADAS DE DESENVOLVIMENTO";"Sem informação";"Administração Pública Municipal";"SP";"SÃO JOSÉ DO RIO PRETO";"R$ 2.869.786,06";
"Legais, Voluntárias e Específicas";"10S5 - APOIO A EMPREENDIMENTOS DE SANEAMENTO INTEGRADO EM MUNICIPIOS COM POPULACAO SUPERIOR A 50 MIL HABITANTES OU MUNICIPIOS INTEGRANTES DE REGIOES METROPOLITANAS OU DE REGIOES INTEGRADAS DE DESENVOLVIMENTO";"Sem informação";"Administração Pública Estadual ou do Distrito Federal";"AC";"Não se aplica";"R$ 2.907.144,76";
"Legais, Voluntárias e Específicas";"1N08 - APOIO A IMPLANTACAO, AMPLIACAO OU MELHORIAS DE SISTEMAS DE ESGOTAMENTO SANITARIO EM MUNICIPIOS COM POPULACAO SUPERIOR A 50 MIL HABITANTES OU MUNICIPIOS INTEGRANTES DE REGIOES METROPOLITANAS OU DE REGIOES INTEGRADAS DE DE";"Sem informação";"Administração Pública Municipal";"MG";"SÃO JOÃO DEL REI";"R$ 2.926.717,22";
"Legais, Voluntárias e Específicas";"1P95 - APOIO A ELABORACAO DE PLANOS E PROJETOS DE SANEAMENTO EM MUNICIPIOS COM POPULACAO SUPERIOR A 50 MIL HABITANTES OU INTEGRANTES DE REGIOES METROPOLITANAS OU DE REGIOES INTEGRADAS DE DESENVOLVIMENTO";"Sem informação";"Administração Pública Municipal";"PA";"PARAUAPEBAS";"R$ 3.034.560,29";
"Legais, Voluntárias e Específicas";"10S5 - APOIO A EMPREENDIMENTOS DE SANEAMENTO INTEGRADO EM MUNICIPIOS COM POPULACAO SUPERIOR A 50 MIL HABITANTES OU MUNICIPIOS INTEGRANTES DE REGIOES METROPOLITANAS OU DE REGIOES INTEGRADAS DE DESENVOLVIMENTO";"Sem informação";"Administração Pública Municipal";"SE";"ARACAJU";"R$ 3.127.711,80";
"Legais, Voluntárias e Específicas";"1N08 - APOIO A IMPLANTACAO, AMPLIACAO OU MELHORIAS DE SISTEMAS DE ESGOTAMENTO SANITARIO EM MUNICIPIOS COM POPULACAO SUPERIOR A 50 MIL HABITANTES OU MUNICIPIOS INTEGRANTES DE REGIOES METROPOLITANAS OU DE REGIOES INTEGRADAS DE DE";"Sem informação";"Administração Pública Municipal";"SP";"MARÍLIA";"R$ 3.232.382,59";
"Legais, Voluntárias e Específicas";"10SG - APOIO A SISTEMAS DE DRENAGEM URBANA SUSTENTAVEL E DE MANEJO DE AGUAS PLUVIAIS EM MUNICIPIOS CRITICOS SUJEITOS A EVENTOS RECORRENTES DE INUNDACOES, ENXURRADAS E ALAGAMENTOS";"Sem informação";"Administração Pública Municipal";"SP";"BARRETOS";"R$ 3.326.168,56";
"Legais, Voluntárias e Específicas";"10SC - APOIO A IMPLANTACAO, AMPLIACAO OU MELHORIAS EM SISTEMAS DE ABASTECIMENTO DE AGUA EM MUNICIPIOS COM POPULACAO SUPERIOR A 50 MIL HABITANTES OU MUNICIPIOS INTEGRANTES DE REGIOES METROPOLITANAS OU DE REGIOES INTEGRADAS DE DE";"Sem informação";"Administração Pública Estadual ou do Distrito Federal";"AC";"Não se aplica";"R$ 3.379.057,16";
"Legais, Voluntárias e Específicas";"10S5 - APOIO A EMPREENDIMENTOS DE SANEAMENTO INTEGRADO EM MUNICIPIOS COM POPULACAO SUPERIOR A 50 MIL HABITANTES OU MUNICIPIOS INTEGRANTES DE REGIOES METROPOLITANAS OU DE REGIOES INTEGRADAS DE DESENVOLVIMENTO";"Sem informação";"Administração Pública Municipal";"BA";"DIAS D'ÁVILA";"R$ 3.580.593,77";
"Legais, Voluntárias e Específicas";"10SG - APOIO A SISTEMAS DE DRENAGEM URBANA SUSTENTAVEL E DE MANEJO DE AGUAS PLUVIAIS EM MUNICIPIOS CRITICOS SUJEITOS A EVENTOS RECORRENTES DE INUNDACOES, ENXURRADAS E ALAGAMENTOS";"Sem informação";"Administração Pública Municipal";"SC";"CRICIÚMA";"R$ 3.628.806,68";
"Legais, Voluntárias e Específicas";"1N08 - APOIO A IMPLANTACAO, AMPLIACAO OU MELHORIAS DE SISTEMAS DE ESGOTAMENTO SANITARIO EM MUNICIPIOS COM POPULACAO SUPERIOR A 50 MIL HABITANTES OU MUNICIPIOS INTEGRANTES DE REGIOES METROPOLITANAS OU DE REGIOES INTEGRADAS DE DE";"Sem informação";"Administração Pública Municipal";"RS";"PELOTAS";"R$ 3.649.899,88";
"Legais, Voluntárias e Específicas";"10SC - APOIO A IMPLANTACAO, AMPLIACAO OU MELHORIAS EM SISTEMAS DE ABASTECIMENTO DE AGUA EM MUNICIPIOS COM POPULACAO SUPERIOR A 50 MIL HABITANTES OU MUNICIPIOS INTEGRANTES DE REGIOES METROPOLITANAS OU DE REGIOES INTEGRADAS DE DE";"Sem informação";"Administração Pública Municipal";"RS";"PELOTAS";"R$ 3.673.837,00";
"Legais, Voluntárias e Específicas";"10SC - APOIO A IMPLANTACAO, AMPLIACAO OU MELHORIAS EM SISTEMAS DE ABASTECIMENTO DE AGUA EM MUNICIPIOS COM POPULACAO SUPERIOR A 50 MIL HABITANTES OU MUNICIPIOS INTEGRANTES DE REGIOES METROPOLITANAS OU DE REGIOES INTEGRADAS DE DE";"Sem informação";"Administração Pública Estadual ou do Distrito Federal";"AP";"Não se aplica";"R$ 3.687.186,95";
"Legais, Voluntárias e Específicas";"1N08 - APOIO A IMPLANTACAO, AMPLIACAO OU MELHORIAS DE SISTEMAS DE ESGOTAMENTO SANITARIO EM MUNICIPIOS COM POPULACAO SUPERIOR A 50 MIL HABITANTES OU MUNICIPIOS INTEGRANTES DE REGIOES METROPOLITANAS OU DE REGIOES INTEGRADAS DE DE";"Sem informação";"Administração Pública Estadual ou do Distrito Federal";"DF";"Não se aplica";"R$ 3.800.207,77";
"Legais, Voluntárias e Específicas";"1N08 - APOIO A IMPLANTACAO, AMPLIACAO OU MELHORIAS DE SISTEMAS DE ESGOTAMENTO SANITARIO EM MUNICIPIOS COM POPULACAO SUPERIOR A 50 MIL HABITANTES OU MUNICIPIOS INTEGRANTES DE REGIOES METROPOLITANAS OU DE REGIOES INTEGRADAS DE DE";"Sem informação";"Administração Pública Municipal";"SP";"AMERICANA";"R$ 4.073.187,94";
"Legais, Voluntárias e Específicas";"10S5 - APOIO A EMPREENDIMENTOS DE SANEAMENTO INTEGRADO EM MUNICIPIOS COM POPULACAO SUPERIOR A 50 MIL HABITANTES OU MUNICIPIOS INTEGRANTES DE REGIOES METROPOLITANAS OU DE REGIOES INTEGRADAS DE DESENVOLVIMENTO";"Sem informação";"Administração Pública Municipal";"RJ";"BELFORD ROXO";"R$ 4.206.911,76";
"Legais, Voluntárias e Específicas";"10SG - APOIO A SISTEMAS DE DRENAGEM URBANA SUSTENTAVEL E DE MANEJO DE AGUAS PLUVIAIS EM MUNICIPIOS CRITICOS SUJEITOS A EVENTOS RECORRENTES DE INUNDACOES, ENXURRADAS E ALAGAMENTOS";"Sem informação";"Administração Pública Municipal";"SP";"ITAPEVI";"R$ 4.208.101,18";
"Legais, Voluntárias e Específicas";"1N08 - APOIO A IMPLANTACAO, AMPLIACAO OU MELHORIAS DE SISTEMAS DE ESGOTAMENTO SANITARIO EM MUNICIPIOS COM POPULACAO SUPERIOR A 50 MIL HABITANTES OU MUNICIPIOS INTEGRANTES DE REGIOES METROPOLITANAS OU DE REGIOES INTEGRADAS DE DE";"Sem informação";"Administração Pública Municipal";"SC";"JOINVILLE";"R$ 4.328.421,33";
"Legais, Voluntárias e Específicas";"10SC - APOIO A IMPLANTACAO, AMPLIACAO OU MELHORIAS EM SISTEMAS DE ABASTECIMENTO DE AGUA EM MUNICIPIOS COM POPULACAO SUPERIOR A 50 MIL HABITANTES OU MUNICIPIOS INTEGRANTES DE REGIOES METROPOLITANAS OU DE REGIOES INTEGRADAS DE DE";"Sem informação";"Administração Pública Municipal";"MG";"ITUIUTABA";"R$ 4.386.830,09";
"Legais, Voluntárias e Específicas";"10S5 - APOIO A EMPREENDIMENTOS DE SANEAMENTO INTEGRADO EM MUNICIPIOS COM POPULACAO SUPERIOR A 50 MIL HABITANTES OU MUNICIPIOS INTEGRANTES DE REGIOES METROPOLITANAS OU DE REGIOES INTEGRADAS DE DESENVOLVIMENTO";"Sem informação";"Administração Pública Municipal";"RN";"MOSSORÓ";"R$ 4.435.433,21";
"Legais, Voluntárias e Específicas";"10S5 - APOIO A EMPREENDIMENTOS DE SANEAMENTO INTEGRADO EM MUNICIPIOS COM POPULACAO SUPERIOR A 50 MIL HABITANTES OU MUNICIPIOS INTEGRANTES DE REGIOES METROPOLITANAS OU DE REGIOES INTEGRADAS DE DESENVOLVIMENTO";"Sem informação";"Administração Pública Municipal";"BA";"TEIXEIRA DE FREITAS";"R$ 4.451.116,55";
"Legais, Voluntárias e Específicas";"1N08 - APOIO A IMPLANTACAO, AMPLIACAO OU MELHORIAS DE SISTEMAS DE ESGOTAMENTO SANITARIO EM MUNICIPIOS COM POPULACAO SUPERIOR A 50 MIL HABITANTES OU MUNICIPIOS INTEGRANTES DE REGIOES METROPOLITANAS OU DE REGIOES INTEGRADAS DE DE";"Sem informação";"Administração Pública Estadual ou do Distrito Federal";"PB";"Não se aplica";"R$ 4.815.178,70";
"Legais, Voluntárias e Específicas";"1N08 - APOIO A IMPLANTACAO, AMPLIACAO OU MELHORIAS DE SISTEMAS DE ESGOTAMENTO SANITARIO EM MUNICIPIOS COM POPULACAO SUPERIOR A 50 MIL HABITANTES OU MUNICIPIOS INTEGRANTES DE REGIOES METROPOLITANAS OU DE REGIOES INTEGRADAS DE DE";"Sem informação";"Administração Pública Municipal";"MG";"LEOPOLDINA";"R$ 4.881.754,92";
"Legais, Voluntárias e Específicas";"1N08 - APOIO A IMPLANTACAO, AMPLIACAO OU MELHORIAS DE SISTEMAS DE ESGOTAMENTO SANITARIO EM MUNICIPIOS COM POPULACAO SUPERIOR A 50 MIL HABITANTES OU MUNICIPIOS INTEGRANTES DE REGIOES METROPOLITANAS OU DE REGIOES INTEGRADAS DE DE";"Sem informação";"Administração Pública Estadual ou do Distrito Federal";"SE";"Não se aplica";"R$ 4.906.731,61";
"Legais, Voluntárias e Específicas";"1N08 - APOIO A IMPLANTACAO, AMPLIACAO OU MELHORIAS DE SISTEMAS DE ESGOTAMENTO SANITARIO EM MUNICIPIOS COM POPULACAO SUPERIOR A 50 MIL HABITANTES OU MUNICIPIOS INTEGRANTES DE REGIOES METROPOLITANAS OU DE REGIOES INTEGRADAS DE DE";"Sem informação";"Administração Pública Municipal";"RS";"SÃO LEOPOLDO";"R$ 4.976.776,25";
"Legais, Voluntárias e Específicas";"10RM - IMPLANTACAO, AMPLIACAO, MELHORIA OU ADEQUACAO DE SISTEMAS DE ESGOTAMENTO SANITARIO NA AREA DE ATUACAO DA CODEVASF";"Saneamento Público";"Entidades Empresariais Privadas";"PE";"Não se aplica";"R$ 5.043.401,88";
"Legais, Voluntárias e Específicas";"10SG - APOIO A SISTEMAS DE DRENAGEM URBANA SUSTENTAVEL E DE MANEJO DE AGUAS PLUVIAIS EM MUNICIPIOS CRITICOS SUJEITOS A EVENTOS RECORRENTES DE INUNDACOES, ENXURRADAS E ALAGAMENTOS";"Sem informação";"Administração Pública Municipal";"SP";"HORTOLÂNDIA";"R$ 5.241.854,38";
"Legais, Voluntárias e Específicas";"1N08 - APOIO A IMPLANTACAO, AMPLIACAO OU MELHORIAS DE SISTEMAS DE ESGOTAMENTO SANITARIO EM MUNICIPIOS COM POPULACAO SUPERIOR A 50 MIL HABITANTES OU MUNICIPIOS INTEGRANTES DE REGIOES METROPOLITANAS OU DE REGIOES INTEGRADAS DE DE";"Sem informação";"Administração Pública Municipal";"SP";"SOROCABA";"R$ 5.398.547,36";
"Legais, Voluntárias e Específicas";"10SC - APOIO A IMPLANTACAO, AMPLIACAO OU MELHORIAS EM SISTEMAS DE ABASTECIMENTO DE AGUA EM MUNICIPIOS COM POPULACAO SUPERIOR A 50 MIL HABITANTES OU MUNICIPIOS INTEGRANTES DE REGIOES METROPOLITANAS OU DE REGIOES INTEGRADAS DE DE";"Sem informação";"Administração Pública Municipal";"CE";"CRATO";"R$ 5.652.910,61";
"Legais, Voluntárias e Específicas";"10SC - APOIO A IMPLANTACAO, AMPLIACAO OU MELHORIAS EM SISTEMAS DE ABASTECIMENTO DE AGUA EM MUNICIPIOS COM POPULACAO SUPERIOR A 50 MIL HABITANTES OU MUNICIPIOS INTEGRANTES DE REGIOES METROPOLITANAS OU DE REGIOES INTEGRADAS DE DE";"Sem informação";"Administração Pública Estadual ou do Distrito Federal";"RO";"Não se aplica";"R$ 5.729.598,05";
"Legais, Voluntárias e Específicas";"10SG - APOIO A SISTEMAS DE DRENAGEM URBANA SUSTENTAVEL E DE MANEJO DE AGUAS PLUVIAIS EM MUNICIPIOS CRITICOS SUJEITOS A EVENTOS RECORRENTES DE INUNDACOES, ENXURRADAS E ALAGAMENTOS";"Sem informação";"Administração Pública Estadual ou do Distrito Federal";"RS";"Não se aplica";"R$ 6.013.195,84";
"Legais, Voluntárias e Específicas";"1N08 - APOIO A IMPLANTACAO, AMPLIACAO OU MELHORIAS DE SISTEMAS DE ESGOTAMENTO SANITARIO EM MUNICIPIOS COM POPULACAO SUPERIOR A 50 MIL HABITANTES OU MUNICIPIOS INTEGRANTES DE REGIOES METROPOLITANAS OU DE REGIOES INTEGRADAS DE DE";"Sem informação";"Administração Pública Estadual ou do Distrito Federal";"PI";"Não se aplica";"R$ 6.061.578,21";
"Legais, Voluntárias e Específicas";"1N08 - APOIO A IMPLANTACAO, AMPLIACAO OU MELHORIAS DE SISTEMAS DE ESGOTAMENTO SANITARIO EM MUNICIPIOS COM POPULACAO SUPERIOR A 50 MIL HABITANTES OU MUNICIPIOS INTEGRANTES DE REGIOES METROPOLITANAS OU DE REGIOES INTEGRADAS DE DE";"Sem informação";"Administração Pública Municipal";"MT";"RONDONÓPOLIS";"R$ 6.363.950,48";
"Legais, Voluntárias e Específicas";"10SC - APOIO A IMPLANTACAO, AMPLIACAO OU MELHORIAS EM SISTEMAS DE ABASTECIMENTO DE AGUA EM MUNICIPIOS COM POPULACAO SUPERIOR A 50 MIL HABITANTES OU MUNICIPIOS INTEGRANTES DE REGIOES METROPOLITANAS OU DE REGIOES INTEGRADAS DE DE";"Sem informação";"Administração Pública Estadual ou do Distrito Federal";"RS";"Não se aplica";"R$ 6.520.185,56";
"Legais, Voluntárias e Específicas";"1N08 - APOIO A IMPLANTACAO, AMPLIACAO OU MELHORIAS DE SISTEMAS DE ESGOTAMENTO SANITARIO EM MUNICIPIOS COM POPULACAO SUPERIOR A 50 MIL HABITANTES OU MUNICIPIOS INTEGRANTES DE REGIOES METROPOLITANAS OU DE REGIOES INTEGRADAS DE DE";"Sem informação";"Administração Pública Municipal";"MG";"SETE LAGOAS";"R$ 7.024.501,14";
"Legais, Voluntárias e Específicas";"10S5 - APOIO A EMPREENDIMENTOS DE SANEAMENTO INTEGRADO EM MUNICIPIOS COM POPULACAO SUPERIOR A 50 MIL HABITANTES OU MUNICIPIOS INTEGRANTES DE REGIOES METROPOLITANAS OU DE REGIOES INTEGRADAS DE DESENVOLVIMENTO";"Sem informação";"Administração Pública Estadual ou do Distrito Federal";"BA";"Não se aplica";"R$ 7.730.734,29";
"Legais, Voluntárias e Específicas";"10SC - APOIO A IMPLANTACAO, AMPLIACAO OU MELHORIAS EM SISTEMAS DE ABASTECIMENTO DE AGUA EM MUNICIPIOS COM POPULACAO SUPERIOR A 50 MIL HABITANTES OU MUNICIPIOS INTEGRANTES DE REGIOES METROPOLITANAS OU DE REGIOES INTEGRADAS DE DE";"Sem informação";"Administração Pública Municipal";"CE";"CAMOCIM";"R$ 8.370.566,03";
"Legais, Voluntárias e Específicas";"10S5 - APOIO A EMPREENDIMENTOS DE SANEAMENTO INTEGRADO EM MUNICIPIOS COM POPULACAO SUPERIOR A 50 MIL HABITANTES OU MUNICIPIOS INTEGRANTES DE REGIOES METROPOLITANAS OU DE REGIOES INTEGRADAS DE DESENVOLVIMENTO";"Sem informação";"Administração Pública Municipal";"PA";"SANTARÉM";"R$ 9.200.264,69";
"Legais, Voluntárias e Específicas";"10SG - APOIO A SISTEMAS DE DRENAGEM URBANA SUSTENTAVEL E DE MANEJO DE AGUAS PLUVIAIS EM MUNICIPIOS CRITICOS SUJEITOS A EVENTOS RECORRENTES DE INUNDACOES, ENXURRADAS E ALAGAMENTOS";"Sem informação";"Administração Pública Estadual ou do Distrito Federal";"BA";"Não se aplica";"R$ 9.310.117,50";
"Legais, Voluntárias e Específicas";"10SC - APOIO A IMPLANTACAO, AMPLIACAO OU MELHORIAS EM SISTEMAS DE ABASTECIMENTO DE AGUA EM MUNICIPIOS COM POPULACAO SUPERIOR A 50 MIL HABITANTES OU MUNICIPIOS INTEGRANTES DE REGIOES METROPOLITANAS OU DE REGIOES INTEGRADAS DE DE";"Sem informação";"Administração Pública Estadual ou do Distrito Federal";"PA";"Não se aplica";"R$ 9.406.133,63";
"Legais, Voluntárias e Específicas";"10S5 - APOIO A EMPREENDIMENTOS DE SANEAMENTO INTEGRADO EM MUNICIPIOS COM POPULACAO SUPERIOR A 50 MIL HABITANTES OU MUNICIPIOS INTEGRANTES DE REGIOES METROPOLITANAS OU DE REGIOES INTEGRADAS DE DESENVOLVIMENTO";"Sem informação";"Administração Pública Municipal";"RN";"NATAL";"R$ 9.668.853,41";
"Legais, Voluntárias e Específicas";"10SG - APOIO A SISTEMAS DE DRENAGEM URBANA SUSTENTAVEL E DE MANEJO DE AGUAS PLUVIAIS EM MUNICIPIOS CRITICOS SUJEITOS A EVENTOS RECORRENTES DE INUNDACOES, ENXURRADAS E ALAGAMENTOS";"Sem informação";"Administração Pública Municipal";"PR";"CURITIBA";"R$ 10.215.272,46";
"Legais, Voluntárias e Específicas";"10S5 - APOIO A EMPREENDIMENTOS DE SANEAMENTO INTEGRADO EM MUNICIPIOS COM POPULACAO SUPERIOR A 50 MIL HABITANTES OU MUNICIPIOS INTEGRANTES DE REGIOES METROPOLITANAS OU DE REGIOES INTEGRADAS DE DESENVOLVIMENTO";"Sem informação";"Administração Pública Municipal";"PA";"MARABÁ";"R$ 11.000.970,69";
"Legais, Voluntárias e Específicas";"1N08 - APOIO A IMPLANTACAO, AMPLIACAO OU MELHORIAS DE SISTEMAS DE ESGOTAMENTO SANITARIO EM MUNICIPIOS COM POPULACAO SUPERIOR A 50 MIL HABITANTES OU MUNICIPIOS INTEGRANTES DE REGIOES METROPOLITANAS OU DE REGIOES INTEGRADAS DE DE";"Sem informação";"Administração Pública Estadual ou do Distrito Federal";"MS";"Não se aplica";"R$ 11.502.482,39";
"Legais, Voluntárias e Específicas";"10SC - APOIO A IMPLANTACAO, AMPLIACAO OU MELHORIAS EM SISTEMAS DE ABASTECIMENTO DE AGUA EM MUNICIPIOS COM POPULACAO SUPERIOR A 50 MIL HABITANTES OU MUNICIPIOS INTEGRANTES DE REGIOES METROPOLITANAS OU DE REGIOES INTEGRADAS DE DE";"Sem informação";"Administração Pública Estadual ou do Distrito Federal";"RN";"Não se aplica";"R$ 12.757.707,86";
"Legais, Voluntárias e Específicas";"1N08 - APOIO A IMPLANTACAO, AMPLIACAO OU MELHORIAS DE SISTEMAS DE ESGOTAMENTO SANITARIO EM MUNICIPIOS COM POPULACAO SUPERIOR A 50 MIL HABITANTES OU MUNICIPIOS INTEGRANTES DE REGIOES METROPOLITANAS OU DE REGIOES INTEGRADAS DE DE";"Sem informação";"Administração Pública Municipal";"RN";"PARNAMIRIM";"R$ 13.598.164,66";
"Legais, Voluntárias e Específicas";"10S5 - APOIO A EMPREENDIMENTOS DE SANEAMENTO INTEGRADO EM MUNICIPIOS COM POPULACAO SUPERIOR A 50 MIL HABITANTES OU MUNICIPIOS INTEGRANTES DE REGIOES METROPOLITANAS OU DE REGIOES INTEGRADAS DE DESENVOLVIMENTO";"Sem informação";"Administração Pública Estadual ou do Distrito Federal";"CE";"Não se aplica";"R$ 14.086.504,56";
"Legais, Voluntárias e Específicas";"1N08 - APOIO A IMPLANTACAO, AMPLIACAO OU MELHORIAS DE SISTEMAS DE ESGOTAMENTO SANITARIO EM MUNICIPIOS COM POPULACAO SUPERIOR A 50 MIL HABITANTES OU MUNICIPIOS INTEGRANTES DE REGIOES METROPOLITANAS OU DE REGIOES INTEGRADAS DE DE";"Sem informação";"Administração Pública Municipal";"SP";"BAURU";"R$ 14.834.629,19";
"Legais, Voluntárias e Específicas";"1N08 - APOIO A IMPLANTACAO, AMPLIACAO OU MELHORIAS DE SISTEMAS DE ESGOTAMENTO SANITARIO EM MUNICIPIOS COM POPULACAO SUPERIOR A 50 MIL HABITANTES OU MUNICIPIOS INTEGRANTES DE REGIOES METROPOLITANAS OU DE REGIOES INTEGRADAS DE DE";"Sem informação";"Administração Pública Estadual ou do Distrito Federal";"RS";"Não se aplica";"R$ 15.023.332,36";
"Legais, Voluntárias e Específicas";"10SG - APOIO A SISTEMAS DE DRENAGEM URBANA SUSTENTAVEL E DE MANEJO DE AGUAS PLUVIAIS EM MUNICIPIOS CRITICOS SUJEITOS A EVENTOS RECORRENTES DE INUNDACOES, ENXURRADAS E ALAGAMENTOS";"Sem informação";"Administração Pública Municipal";"SP";"SANTOS";"R$ 15.068.482,90";
"Legais, Voluntárias e Específicas";"1N08 - APOIO A IMPLANTACAO, AMPLIACAO OU MELHORIAS DE SISTEMAS DE ESGOTAMENTO SANITARIO EM MUNICIPIOS COM POPULACAO SUPERIOR A 50 MIL HABITANTES OU MUNICIPIOS INTEGRANTES DE REGIOES METROPOLITANAS OU DE REGIOES INTEGRADAS DE DE";"Sem informação";"Administração Pública Municipal";"SP";"SÃO JOSÉ DO RIO PRETO";"R$ 15.681.938,00";
"Legais, Voluntárias e Específicas";"1N08 - APOIO A IMPLANTACAO, AMPLIACAO OU MELHORIAS DE SISTEMAS DE ESGOTAMENTO SANITARIO EM MUNICIPIOS COM POPULACAO SUPERIOR A 50 MIL HABITANTES OU MUNICIPIOS INTEGRANTES DE REGIOES METROPOLITANAS OU DE REGIOES INTEGRADAS DE DE";"Sem informação";"Administração Pública Estadual ou do Distrito Federal";"MA";"Não se aplica";"R$ 16.025.067,68";
"Legais, Voluntárias e Específicas";"10SG - APOIO A SISTEMAS DE DRENAGEM URBANA SUSTENTAVEL E DE MANEJO DE AGUAS PLUVIAIS EM MUNICIPIOS CRITICOS SUJEITOS A EVENTOS RECORRENTES DE INUNDACOES, ENXURRADAS E ALAGAMENTOS";"Sem informação";"Administração Pública Municipal";"MS";"CAMPO GRANDE";"R$ 17.221.108,82";
"Legais, Voluntárias e Específicas";"10SC - APOIO A IMPLANTACAO, AMPLIACAO OU MELHORIAS EM SISTEMAS DE ABASTECIMENTO DE AGUA EM MUNICIPIOS COM POPULACAO SUPERIOR A 50 MIL HABITANTES OU MUNICIPIOS INTEGRANTES DE REGIOES METROPOLITANAS OU DE REGIOES INTEGRADAS DE DE";"Sem informação";"Administração Pública Estadual ou do Distrito Federal";"GO";"Não se aplica";"R$ 17.394.491,93";
"Legais, Voluntárias e Específicas";"1N08 - APOIO A IMPLANTACAO, AMPLIACAO OU MELHORIAS DE SISTEMAS DE ESGOTAMENTO SANITARIO EM MUNICIPIOS COM POPULACAO SUPERIOR A 50 MIL HABITANTES OU MUNICIPIOS INTEGRANTES DE REGIOES METROPOLITANAS OU DE REGIOES INTEGRADAS DE DE";"Sem informação";"Administração Pública Estadual ou do Distrito Federal";"GO";"Não se aplica";"R$ 19.507.112,74";
"Legais, Voluntárias e Específicas";"10SG - APOIO A SISTEMAS DE DRENAGEM URBANA SUSTENTAVEL E DE MANEJO DE AGUAS PLUVIAIS EM MUNICIPIOS CRITICOS SUJEITOS A EVENTOS RECORRENTES DE INUNDACOES, ENXURRADAS E ALAGAMENTOS";"Sem informação";"Administração Pública Municipal";"BA";"SALVADOR";"R$ 20.151.929,30";
"Legais, Voluntárias e Específicas";"1N08 - APOIO A IMPLANTACAO, AMPLIACAO OU MELHORIAS DE SISTEMAS DE ESGOTAMENTO SANITARIO EM MUNICIPIOS COM POPULACAO SUPERIOR A 50 MIL HABITANTES OU MUNICIPIOS INTEGRANTES DE REGIOES METROPOLITANAS OU DE REGIOES INTEGRADAS DE DE";"Sem informação";"Administração Pública Municipal";"SP";"SANTA BÁRBARA D'OESTE";"R$ 21.263.048,45";
"Legais, Voluntárias e Específicas";"1N08 - APOIO A IMPLANTACAO, AMPLIACAO OU MELHORIAS DE SISTEMAS DE ESGOTAMENTO SANITARIO EM MUNICIPIOS COM POPULACAO SUPERIOR A 50 MIL HABITANTES OU MUNICIPIOS INTEGRANTES DE REGIOES METROPOLITANAS OU DE REGIOES INTEGRADAS DE DE";"Sem informação";"Administração Pública Municipal";"CE";"CAMOCIM";"R$ 23.500.379,78";
"Legais, Voluntárias e Específicas";"1N08 - APOIO A IMPLANTACAO, AMPLIACAO OU MELHORIAS DE SISTEMAS DE ESGOTAMENTO SANITARIO EM MUNICIPIOS COM POPULACAO SUPERIOR A 50 MIL HABITANTES OU MUNICIPIOS INTEGRANTES DE REGIOES METROPOLITANAS OU DE REGIOES INTEGRADAS DE DE";"Sem informação";"Administração Pública Estadual ou do Distrito Federal";"RN";"Não se aplica";"R$ 25.647.858,92";
"Legais, Voluntárias e Específicas";"1N08 - APOIO A IMPLANTACAO, AMPLIACAO OU MELHORIAS DE SISTEMAS DE ESGOTAMENTO SANITARIO EM MUNICIPIOS COM POPULACAO SUPERIOR A 50 MIL HABITANTES OU MUNICIPIOS INTEGRANTES DE REGIOES METROPOLITANAS OU DE REGIOES INTEGRADAS DE DE";"Sem informação";"Administração Pública Estadual ou do Distrito Federal";"BA";"Não se aplica";"R$ 26.949.460,52";
"Legais, Voluntárias e Específicas";"10SC - APOIO A IMPLANTACAO, AMPLIACAO OU MELHORIAS EM SISTEMAS DE ABASTECIMENTO DE AGUA EM MUNICIPIOS COM POPULACAO SUPERIOR A 50 MIL HABITANTES OU MUNICIPIOS INTEGRANTES DE REGIOES METROPOLITANAS OU DE REGIOES INTEGRADAS DE DE";"Sem informação";"Administração Pública Estadual ou do Distrito Federal";"CE";"Não se aplica";"R$ 32.484.690,01";
"Legais, Voluntárias e Específicas";"10SC - APOIO A IMPLANTACAO, AMPLIACAO OU MELHORIAS EM SISTEMAS DE ABASTECIMENTO DE AGUA EM MUNICIPIOS COM POPULACAO SUPERIOR A 50 MIL HABITANTES OU MUNICIPIOS INTEGRANTES DE REGIOES METROPOLITANAS OU DE REGIOES INTEGRADAS DE DE";"Sem informação";"Administração Pública Estadual ou do Distrito Federal";"BA";"Não se aplica";"R$ 35.598.735,94";
"Legais, Voluntárias e Específicas";"1N08 - APOIO A IMPLANTACAO, AMPLIACAO OU MELHORIAS DE SISTEMAS DE ESGOTAMENTO SANITARIO EM MUNICIPIOS COM POPULACAO SUPERIOR A 50 MIL HABITANTES OU MUNICIPIOS INTEGRANTES DE REGIOES METROPOLITANAS OU DE REGIOES INTEGRADAS DE DE";"Sem informação";"Administração Pública Estadual ou do Distrito Federal";"RR";"Não se aplica";"R$ 48.430.226,00";
"Legais, Voluntárias e Específicas";"10SG - APOIO A SISTEMAS DE DRENAGEM URBANA SUSTENTAVEL E DE MANEJO DE AGUAS PLUVIAIS EM MUNICIPIOS CRITICOS SUJEITOS A EVENTOS RECORRENTES DE INUNDACOES, ENXURRADAS E ALAGAMENTOS";"Sem informação";"Administração Pública Municipal";"SP";"SÃO PAULO";"R$ 49.410.038,63";
"Legais, Voluntárias e Específicas";"10SG - APOIO A SISTEMAS DE DRENAGEM URBANA SUSTENTAVEL E DE MANEJO DE AGUAS PLUVIAIS EM MUNICIPIOS CRITICOS SUJEITOS A EVENTOS RECORRENTES DE INUNDACOES, ENXURRADAS E ALAGAMENTOS";"Sem informação";"Administração Pública Municipal";"SP";"SÃO BERNARDO DO CAMPO";"R$ 65.509.305,00";
